Date,RvrHt,Year,Water Elevation,833.80,832.88,HST CFS/TOT,WTTN CFS,HP Pond Stick,840.33,Monroe_Road_Closed,Notes,
1/18/2007,7.08,2007,839.96,,,,,0,840.33,N,,
1/22/2007,5.02,2007,837.90,,,,,,840.33,N,,
1/29/2007,4.70,2007,837.58,,,,,,840.33,N,,
2/5/2007,5.44,2007,838.32,,,,,,840.33,N,,
2/14/2007,5.70,2007,838.58,,,,,,840.33,N,,
2/19/2007,5.50,2007,838.38,,,,,,840.33,N,,
3/2/2007,7.20,2007,840.08,,,,,,840.33,N,,
3/5/2007,7.42,2007,840.30,,,,,,840.33,N,,
3/12/2007,7.12,2007,840.00,,,,,,840.33,N,,
3/15/2007,10.14,2007,843.02,,,,,,840.33,Y,Closed Monroe Road,
3/20/2007,10.85,2007,843.73,,,,,,840.33,Y,,
3/21/2007,10.90,2007,843.78,,,,,,840.33,Y,,
3/23/2007,11.22,2007,844.10,,,,,,840.33,Y,,
3/26/2007,11.62,2007,844.50,,,,,,840.33,Y,Closed Upham & North End of Monroe Road,
4/2/2007,11.61,2007,844.49,,,,,,840.33,Y,,
4/3/2007,11.83,2007,844.71,,,,,,840.33,Y,,
4/4/2007,12.01,2007,844.89,,,,,,840.33,Y,,
4/5/2007,12.30,2007,845.18,,,,,,840.33,Y,Water over east end of Monroe Road,
4/5/2007,12.30,2007,845.18,,,,,,840.33,Y,,
4/7/2007,12.20,2007,845.08,,,,,,840.33,Y,,
4/9/2007,12.03,2007,844.91,,,,,,840.33,Y,,
4/10/2007,11.80,2007,844.68,,,,,,840.33,Y,,
4/14/2007,11.47,2007,844.35,,,,,,840.33,Y,,
4/16/2007,11.31,2007,844.19,,,,,,840.33,Y,,
4/19/2007,10.95,2007,843.83,,,,,,840.33,Y,Open Upham Road,
4/23/2007,10.51,2007,843.39,,,,,,840.33,Y,,
4/26/2007,10.25,2007,843.13,,,,,,840.33,Y,,
4/30/2007,10.50,2007,843.38,,,,,,840.33,Y,May 9th - Open gates on Monroe Road - Left Signs,
5/21/2007,5.82,2007,838.70,,,,,,840.33,N,,
6/5/2007,6.25,2007,839.13,,,,,,840.33,N,,
6/18/2007,4.25,2007,837.13,,,,,,840.33,N,,
7/16/2007,3.95,2007,836.83,,,,,,840.33,N,,
7/23/2007,3.48,2007,836.36,,,,,,840.33,N,,
7/30/2007,4.18,2007,837.06,,,,,,840.33,N,,
8/6/2007,3.00,2007,835.88,,,,,,840.33,N,,
8/13/2007,4.32,2007,837.20,,,,,,840.33,N,,
8/21/2007,8.32,2007,841.20,,,,,,840.33,N,,
8/23/2007,10.12,2007,843.00,,,,,,840.33,Y,Close Monroe Road,
8/24/2007,10.62,2007,843.50,,,,,,840.33,Y,,
8/27/2007,11.41,2007,844.29,,,,,,840.33,Y,,
8/29/2007,11.32,2007,844.20,,,,,,840.33,Y,,
8/30/2007,11.21,2007,844.09,,,,,,840.33,Y,,
9/4/2007,9.72,2007,842.60,,,,,,840.33,Y,,
9/10/2007,6.55,2007,839.43,,,,,,840.33,Y,Open Monroe Road,
9/17/2007,4.70,2007,837.58,,,,,,840.33,N,,
9/24/2007,4.69,2007,837.57,,,,,,840.33,N,,
10/1/2007,4.65,2007,837.53,,,,,,840.33,N,,
10/8/2007,4.67,2007,837.55,,,,,,840.33,N,,
10/15/2007,4.60,2007,837.48,,,,,,840.33,N,,
10/22/2007,6.10,2007,838.98,,,,,,840.33,N,,
10/29/2007,5.91,2007,838.79,,,,,,840.33,N,,
11/5/2007,4.32,2007,837.20,,,,,,840.33,N,,
11/12/2007,4.45,2007,837.33,,,,,,840.33,N,,
11/19/2007,4.53,2007,837.41,,,,,,840.33,N,,
11/26/2007,4.70,2007,837.58,,,,,,840.33,N,,
12/3/2007,5.29,2007,838.17,,,,,,840.33,N,,
12/19/2007,6.38,2007,839.26,,,,,,840.33,N,,
12/27/2007,7.57,2007,840.45,,,,,,840.33,N,,
1/7/2008,7.78,2008,840.66,,,,,,840.33,N,,
1/8/2008,8.73,2008,841.61,,,,,,840.33,N,,
1/10/2008,10.70,2008,843.58,,,,,,840.33,Y,Close Monroe Road,
1/13/2008,11.18,2008,844.06,,,,,,840.33,Y,,
1/14/2008,11.22,2008,844.10,,,,,,840.33,Y,,
1/16/2008,11.20,2008,844.08,,,,,,840.33,Y,,
1/17/2008,11.05,2008,843.93,,,,,,840.33,Y,,
1/21/2008,10.95,2008,843.83,,,,,,840.33,Y,,
1/26/2008,10.48,2008,843.36,,,,,,840.33,Y,,
2/4/2008,9.15,2008,842.03,,,,,,840.33,Y,,
2/11/2008,9.51,2008,842.39,,,,,,840.33,Y,,
2/18/2008,9.49,2008,842.37,,,,,,840.33,Y,,
2/25/2008,10.25,2008,843.13,,,,,,840.33,Y,,
3/3/2008,10.52,2008,843.40,,,,,,840.33,Y,,
3/10/2008,11.70,2008,844.58,,,,,,840.33,Y,,
3/13/2008,10.82,2008,843.70,,,,,,840.33,Y,,
3/24/2008,11.80,2008,844.68,,,,,,840.33,Y,Close Upham & North End Monroe Road,
3/27/2008,11.82,2008,844.70,,,,,,840.33,Y,,
3/29/2008,12.20,2008,845.08,,,,,,840.33,Y,,
3/31/2008,11.95,2008,844.83,,,,,,840.33,Y,,
4/7/2008,11.82,2008,844.70,,,,,,840.33,Y,,
4/10/2008,11.82,2008,844.70,,,,,,840.33,Y,,
4/11/2008,12.19,2008,845.07,,,,,,840.33,Y,Close Wiley Road,
4/14/2008,12.52,2008,845.40,,,,,,840.33,Y,,
4/15/2008,12.40,2008,845.28,,,,,,840.33,Y,,
4/21/2008,11.75,2008,844.63,,,,,,840.33,Y,Open Wiley Road,
4/24/2008,11.40,2008,844.28,,,,,,840.33,Y,,
4/27/2008,11.72,2008,844.60,,,,,,840.33,Y,,
4/28/2008,11.80,2008,844.68,,,,,,840.33,Y,Place High Water on Highview Road,
4/29/2008,11.79,2008,844.67,,,,,,840.33,Y,,
5/5/2008,11.23,2008,844.11,,,,,,840.33,Y,,
5/8/2008,10.29,2008,843.17,,,,,,840.33,Y,May 12th - Open Upham & North End Monroe Road,
5/12/2008,9.45,2008,842.33,,,,,,840.33,Y,,
5/15/2008,8.30,2008,841.18,,,,,,840.33,Y,Open Monroe Road,
5/19/2008,7.03,2008,839.91,,,,,,840.33,N,,
5/27/2008,5.55,2008,838.43,,,,,,840.33,N,,
6/2/2008,5.80,2008,838.68,,,,,,840.33,N,,
6/8/2008,10.35,2008,843.23,,,,,,840.33,Y,Close Monroe Road,
6/9/2008,13.23,2008,846.11,,,,,,840.33,Y,"Close Davidson, Harvey, Indian, La Follette, Upham, Highview, Morningside, Lannon",
6/10/2008,14.56,2008,847.44,,,,,,840.33,Y,"Close Wiley, Crawfish, Redwig, and Poplar Grove Roads",
6/11/2008,14.50,2008,847.38,,,,,,840.33,Y,,
6/12/2008,14.35,2008,847.23,,,,,,840.33,Y,,
6/13/2008,14.98,2008,847.86,,,,,,840.33,Y,,
6/13/2008,14.90,2008,847.78,,,,,,840.33,Y,,
6/14/2008,15.33,2008,848.21,,,,,,840.33,Y,,
6/15/2008,15.39,2008,848.27,,,,,,840.33,Y,,
6/16/2008,15.32,2008,848.20,,,,,,840.33,Y,,
6/17/2008,15.00,2008,847.88,,,,,,840.33,Y,,
6/18/2008,14.78,2008,847.66,,,,,,840.33,Y,,
6/23/2008,13.94,2008,846.82,,,,,,840.33,Y,,
6/25/2008,13.45,2008,846.33,,,,,,840.33,Y,Open Poplar Grove Road,
6/30/2008,14.75,2008,847.63,,,,,,840.33,Y,,
7/1/2008,14.55,2008,847.43,,,,,,840.33,Y,Open Davidson road,
7/7/2008,11.70,2008,844.58,,,,,,840.33,Y,"Open Crawfish, Morningside, Wiley, Highview",
7/14/2008,11.30,2008,844.18,,,,,,840.33,Y,,
7/18/2008,9.63,2008,842.51,,,,,,840.33,Y,,
7/21/2008,9.68,2008,842.56,,,,,,840.33,Y,,
7/28/2008,7.33,2008,840.21,,,,,,840.33,Y,,
7/31/2008,5.00,2008,837.88,,,,,,840.33,Y,Open Monroe Road,
8/4/2008,5.13,2008,838.01,,,,,,840.33,N,,
8/11/2008,7.11,2008,839.99,,,,,,840.33,N,,
8/18/2008,6.11,2008,838.99,,,,,,840.33,N,,
8/25/2008,5.00,2008,837.88,,,,,,840.33,N,,
9/2/2008,3.40,2008,836.28,,,,,,840.33,N,,
9/8/2008,3.35,2008,836.23,,,,,,840.33,N,,
9/15/2008,5.30,2008,838.18,,,,,,840.33,N,,
9/22/2008,6.75,2008,839.63,,,,,,840.33,N,,
9/29/2008,5.47,2008,838.35,,,,,,840.33,N,,
10/6/2008,4.60,2008,837.48,,,,,,840.33,N,,
10/13/2008,4.53,2008,837.41,,,,,,840.33,N,,
10/20/2008,5.67,2008,838.55,,,,,,840.33,N,,
10/27/2008,5.05,2008,837.93,,,,,,840.33,N,,
11/3/2008,5.61,2008,838.49,,,,,,840.33,N,,
11/10/2008,5.63,2008,838.51,,,,,,840.33,N,,
11/17/2008,6.75,2008,839.63,,,,,,840.33,N,,
12/1/2008,6.93,2008,839.81,,,,,,840.33,N,,
12/15/2008,6.45,2008,839.33,,,,,,840.33,N,,
12/29/2008,8.20,2008,841.08,,,,,,840.33,N,,
1/5/2009,8.07,2009,840.95,,,,,,840.33,N,,
1/19/2009,7.20,2009,840.08,,,,,,840.33,N,,
1/26/2009,6.54,2009,839.42,,,,,,840.33,N,,
2/2/2009,6.50,2009,839.38,,,,,,840.33,N,,
2/9/2009,7.42,2009,840.30,,,,,,840.33,N,,
2/14/2009,9.84,2009,842.72,,,,,,840.33,N,,
2/16/2009,9.99,2009,842.87,,,,,,840.33,N,,
2/17/2009,10.00,2009,842.88,,,,,,840.33,N,,
2/18/2009,9.95,2009,842.83,,,,,,840.33,Y,Close Monroe Road,
2/23/2009,9.92,2009,842.80,,,,,,840.33,Y,,
3/2/2009,10.12,2009,843.00,,,,,,840.33,Y,,
3/9/2009,10.80,2009,843.68,,,,,,840.33,Y,,
3/11/2009,11.85,2009,844.73,,,,,,840.33,Y,Close North End of Monroe Road & Upham Road,
3/12/2009,12.06,2009,844.94,,,,,,840.33,Y,Close East End of Monroe Road,
3/13/2009,12.01,2009,844.89,,,,,,840.33,Y,,
3/17/2009,11.62,2009,844.50,,,,,,840.33,Y,,
3/23/2009,11.26,2009,844.14,,,,,,840.33,Y,,
3/30/2009,11.60,2009,844.48,,,,,,840.33,Y,,
4/6/2009,11.23,2009,844.11,,,,,,840.33,Y,,
4/13/2009,10.48,2009,843.36,,,,,,840.33,Y,"Open Upham, North End of Monroe & East End of Monroe",
4/20/2009,8.34,2009,841.22,,,,,,840.33,Y,April 21 Open Monroe Road,
4/27/2009,10.41,2009,843.29,,,,,,840.33,Y,Close Monroe Road,
5/4/2009,11.21,2009,844.09,,,,,,840.33,Y,,
5/11/2009,10.70,2009,843.58,,,,,,840.33,Y,,
5/16/2009,11.23,2009,844.11,,,,,,840.33,Y,Close North End of Monroe Road,
5/18/2009,11.29,2009,844.17,,,,,,840.33,Y,,
5/26/2009,10.43,2009,843.31,,,,,,840.33,Y,,
6/1/2009,9.07,2009,841.95,,,,,,840.33,Y,June 4th Open Monroe Road,
6/8/2009,6.12,2009,839.00,,,,,,840.33,Y,,
6/15/2009,10.17,2009,843.05,,,,,,840.33,Y,Close Monroe Road,
6/22/2009,9.92,2009,842.80,,,,,,840.33,Y,,
6/29/2009,7.65,2009,840.53,,,,,,840.33,Y,Open Monroe Road,
7/6/2009,4.00,2009,836.88,,,,,,840.33,N,,
7/20/2009,4.70,2009,837.58,,,,,,840.33,N,,
7/27/2009,4.77,2009,837.65,,,,,,840.33,N,,
8/3/2009,4.87,2009,837.75,,,,,,840.33,N,,
10/5/2009,6.25,2009,839.13,,,,,,840.33,N,,
10/12/2009,6.45,2009,839.33,,,,,,840.33,N,,
10/19/2009,6.53,2009,839.41,,,,,,840.33,N,,
10/26/2009,7.73,2009,840.61,,,,,,840.33,N,,
11/2/2009,7.66,2009,840.54,,,,,,840.33,N,,
11/23/2009,7.15,2009,840.03,,,,,,840.33,N,,
11/9/2009,7.21,2009,840.09,,,,,,840.33,N,,
11/30/2009,7.7,2009,840.58,,,,,,840.33,N,,
12/14/2009,8.15,2009,841.03,,,,,,840.33,N,,
12/28/2009,8.91,2009,841.79,,,,,,840.33,N,,
1/4/2010,8.3,2010,841.18,,,,,,840.33,N,,
1/11/2010,8.66,2010,841.54,,,,,,840.33,N,,
1/18/2010,9.08,2010,841.96,,,,,,840.33,N,,
1/25/2010,8.8,2010,841.68,,,,,,840.33,N,,
2/1/2010,8.4,2010,841.28,,,,,,840.33,N,,
2/8/2010,8.83,2010,841.71,,,,,,840.33,N,,
2/15/2010,8.04,2010,840.92,,,,,,840.33,N,,
2/22/2010,7.06,2010,839.94,,,,,,840.33,N,,
3/1/2010,6.7,2010,839.58,,,,,,840.33,N,,
3/8/2010,6.79,2010,839.67,,,,,,840.33,N,,
3/11/2010,9.79,2010,842.67,,,,,,840.33,N,,
3/12/2010,10.15,2010,843.03,,,,,,840.33,Y,Close Monroe Road,
3/13/2010,10.65,2010,843.53,,,,,,840.33,Y,,
3/15/2010,11.15,2010,844.03,,,,,,840.33,Y,,
3/17/2010,12.04,2010,844.92,,,,,,840.33,Y,,
3/18/2010,11.62,2010,844.50,,,,,,840.33,Y,,
3/16/2010,12.03,2010,844.91,,,,,,840.33,Y,,
3/20/2010,11.32,2010,844.20,,,,,,840.33,Y,,
3/22/2010,11.6,2010,844.48,,,,,,840.33,Y,,
3/26/2010,11.53,2010,844.41,,,,,,840.33,Y,,
3/29/2010,10.95,2010,843.83,,,,,,840.33,Y,,
4/2/2010,10.25,2010,843.13,,,,,,840.33,Y,,
4/5/2010,9.75,2010,842.63,,,,,,840.33,Y,,
4/12/2010,11.51,2010,844.39,,,,,,840.33,Y,,
4/19/2010,10.87,2010,843.75,,,,,,840.33,Y,,
4/26/2010,10.45,2010,843.33,,,,,,840.33,Y,,
5/3/2010,10.8,2010,843.68,,,,,,840.33,Y,,
5/10/2010,10.9,2010,843.78,,,,,,840.33,Y,,
5/17/2010,11.23,2010,844.11,,,,,,840.33,Y,,
5/24/2010,10.24,2010,843.12,,,,,,840.33,Y,,
6/1/2010,6.25,2010,840.05,,,,,,840.33,Y,May 29th Open Monroe Road,
6/7/2010,7.9,2010,841.70,,,,,,840.33,N,,
6/14/2010,7.89,2010,841.69,,,,,,840.33,N,,
6/21/2010,7.75,2010,841.55,,,,,,840.33,N,,
6/28/2010,9.71,2010,843.51,,,,,,840.33,Y,Close Monroe Road,
7/6/2010,6.85,2010,840.65,,,,,,840.33,Y,Open Monroe Road,
7/12/2010,7.7,2010,841.50,,,,,,840.33,Y,,
7/15/2010,8.7,2010,842.50,,,,,,840.33,Y,Close Monroe Road,
7/19/2010,11,2010,844.80,,,,,,840.33,Y,,
7/22/2010,10.8,2010,844.60,,,,,,840.33,Y,,
7/23/2010,11.4,2010,845.20,,,,,,840.33,Y,,
7/24/2010,11.95,2010,845.75,,,,,,840.33,Y,Close Upham & North End Monroe Road,
7/25/2010,12.25,2010,846.05,,,,,,840.33,Y,,
7/26/2010,12.25,2010,846.05,,,,,,840.33,Y,,
7/27/2010,12.2,2010,846.00,,,,,,840.33,Y,,
7/29/2010,11.83,2010,845.63,,,,,,840.33,Y,,
8/2/2010,11.45,2010,845.25,,,,,,840.33,Y,Open Upham & North End Monroe Road,
8/9/2010,10.85,2010,844.65,,,,,,840.33,Y,,
8/16/2010,10.35,2010,844.15,,,,,,840.33,Y,,
8/23/2010,9.4,2010,843.20,,,,,,840.33,Y,August 26th Open Monroe Road,
8/30/2010,8.7,2010,842.50,,,,,,840.33,N,,
9/7/2010,6.75,2010,840.55,,,,,,840.33,N,,
9/14/2010,6.7,2010,840.50,,,,,,840.33,N,,
9/20/2010,7.5,2010,841.30,,,,,,840.33,N,,
9/27/2010,5.78,2010,839.58,,,,,,840.33,N,,
10/4/2010,5.44,2010,839.24,,,,,,840.33,N,,
10/11/2010,5.15,2010,838.95,,,,,,840.33,N,,
10/19/2010,5.15,2010,838.95,,,,,,840.33,N,,
10/25/2010,5.75,2010,839.55,,,,,,840.33,N,,
11/1/2010,7.77,2010,841.57,,,,,,840.33,N,,
11/8/2010,7.87,2010,841.67,,,,,,840.33,N,,
11/29/2010,7.03,2010,840.83,,,,,,840.33,N,,
12/6/2010,7.33,2010,841.13,12/1/10 Hustisford opened dam,,,,,840.33,N,,
12/13/2010,Not Taken,,840.96,,,,,,840.33,N,,
12/20/2010,7.00,2010,840.80,,,,,,840.33,N,,
1/4/2011,8.31,2011,842.11,,,,,,840.33,N,,
1/11/2011,7.50,2011,841.30,,,,,,840.33,N,,
1/17/2011,7.44,2011,841.24,,,,,,840.33,N,,
1/24/2011,6.86,2011,840.66,,,,,,840.33,N,,
1/31/2011,6.37,2011,840.17,,,,,,840.33,N,,
2/7/2011,6.35,2011,840.15,,,,,,840.33,N,,
2/14/2011,7.44,2011,841.24,,,,,,840.33,N,,
2/18/2011,8.54,2011,842.34,12/18/11 Horicon Marsh opened dams,,,,,840.33,N,,
2/19/2011,9.15,2011,842.95,,,,,,840.33,N,,
2/20/2011,9.50,2011,843.30,,,,,,840.33,Y,Close Monroe Road,
2/21/2011,10.15,2011,843.95,,,,,,840.33,Y,,
2/22/2011,10.20,2011,844.00,,,,,,840.33,Y,,
2/24/2011,10.00,2011,843.80,,,,,,840.33,Y,,
2/28/2011,9.95,2011,843.75,,,,,,840.33,Y,,
3/7/2011,9.37,2011,843.17,,,,,,840.33,Y,,
3/14/2011,9.65,2011,843.45,,,,,,840.33,Y,,
3/21/2011,10.75,2011,844.55,,,,,,840.33,Y,,
3/22/2011,11.05,2011,844.85,Federal opened dam,,,,,840.33,Y,,
3/23/2011,11.40,2011,845.20,"HST opened 6""",,,,,840.33,Y,Close Upham & North End Monroe Road,
3/24/2011,11.60,2011,845.40,"HST opened 2""",,,,,840.33,Y,,
3/25/2011,11.75,2011,845.55,,,,,,840.33,Y,,
3/26/2011,11.95,2011,845.75,River Crest,,,,,840.33,Y,,
3/27/2011,11.88,2011,845.68,,,,,,840.33,Y,,
3/28/2011,11.86,2011,845.66,,,,,,840.33,Y,,
3/29/2011,11.66,2011,845.46,,,,,,840.33,Y,,
3/30/2011,11.44,2011,845.24,,,,,,840.33,Y,,
4/1/2011,11.25,2011,845.05,,,,,,840.33,Y,,
4/4/2011,11.25,2011,845.05,"2"" Rain/Hail - Beaver Dam Sunday",,,,,840.33,Y,,
4/6/2011,11.75,2011,845.55,,,,,,840.33,Y,,
4/8/2011,11.80,2011,845.60,,,,,,840.33,Y,,
4/11/2011,11.65,2011,845.45,,,,,,840.33,Y,,
4/14/2011,11.25,2011,845.05,,,,,,840.33,Y,,
4/18/2011,11.05,2011,844.85,,,,,,840.33,Y,April 19th - Open Upham & North End of Monroe Road,
4/21/2011,11.00,2011,844.80,,,,,,840.33,Y,,
4/25/2011,11.15,2011,844.95,,,,,,840.33,Y,,
4/27/2011,11.15,2011,844.95,,,,,,840.33,Y,April 28th - Close Upham & North End of Monroe Road,
5/2/2011,11.20,2011,845.00,,,,,,840.33,Y,May 3 - Open Upham & North End of Monroe Road,
5/9/2011,10.65,2011,844.45,,,,,,840.33,Y,,
5/16/2011,10.50,2011,844.30,,,,,,840.33,Y,,
5/23/2011,9.80,2011,843.60,,,,,,840.33,Y,,
5/26/2011,9.60,2011,843.40,,,,,,840.33,Y,Open Monroe Road,
5/31/2011,7.95,2011,841.75,,,,,,840.33,N,,
6/6/2011,5.37,2011,839.17,,,,,,840.33,N,,
6/14/2011,6.00,2011,839.80,,,,,,840.33,N,,
6/20/2011,7.17,2011,840.97,,,,,,840.33,N,,
6/27/2011,7.65,2011,841.45,,,,,,840.33,N,,
7/5/2011,6.45,2011,840.25,,,,,,840.33,N,,
7/11/2011,4.90,2011,838.70,,,,,,840.33,N,,
7/18/2011,4.35,2011,838.15,,,,,,840.33,N,,
7/25/2011,4.70,2011,838.50,,,,,,840.33,N,,
8/8/2011,5.17,2011,838.97,,,,,,840.33,N,,
8/15/2011,6.25,2011,840.05,,,,,,840.33,N,,
8/22/2011,5.15,2011,838.95,,,,,,840.33,N,,
8/29/2011,4.40,2011,838.20,,,,,,840.33,N,,
9/6/2011,4.75,2011,838.55,,,,,,840.33,N,,
9/12/2011,4.20,2011,838.00,,,,,,840.33,N,,
9/19/2011,3.85,2011,837.65,,,,,,840.33,N,,
9/26/2011,4.45,2011,838.25,,,,,,840.33,N,,
10/3/2011,5.28,2011,839.08,,,,,,840.33,N,,
10/10/2011,4.45,2011,838.25,,,,,,840.33,N,,
10/17/2011,5.92,2011,839.72,,,,,,840.33,N,,
10/24/2011,0.00,2011,833.80,,,,,,840.33,N,,
10/31/2011,4.85,2011,838.65,,,,,,840.33,N,,
11/7/2011,6.25,2011,840.05,,,,,,840.33,N,,
11/9/2011,6.97,2011,840.77,,,,,,840.33,N,,
11/10/2011,7.79,2011,841.59,,,,,,840.33,N,,
11/14/2011,8.40,2011,842.20,,,,,,840.33,N,,
11/15/2011,8.44,2011,842.24,,,,,,840.33,N,,
11/17/2011,8.51,2011,842.31,,,,,,840.33,N,,
11/21/2011,8.76,2011,842.56,,,,,,840.33,N,,
,,,833.80,,,,,,840.33,N,Weight Broken - No Measurements,
11/29/2011,9.70,2011,843.50,,,,,,840.33,N,,
12/5/2011,9.46,2011,843.26,,,,,,840.33,N,,
12/7/2011,0.00,2011,833.80,,,,,0.17,840.50,N,,
12/12/2011,9.40,2011,843.20,,,,,,840.33,N,,
12/19/2011,9.70,2011,843.50,,,,,,840.33,N,,
12/26/2011,9.45,2011,843.25,,,,,,840.33,N,,
1/3/2012,9.82,2012,843.62,,,,,,840.33,N,,
1/9/2012,9.00,2012,842.80,,,,,,840.33,N,,
1/16/2012,7.78,2012,841.58,,,,,,840.33,N,*Hst shutting dam down during week/open during weekends for dam repair,
1/23/2012,7.94,2012,841.74,,,,,,840.33,N,,
1/30/2012,7.55,2012,841.35,,,,,,840.33,N,,
2/6/2012,8.85,2012,842.65,,,,,,840.33,N,,
2/13/2012,8.20,2012,842.00,,,,,,840.33,N,,
2/20/2012,7.32,2012,841.12,,,,,,840.33,N,,
2/27/2012,8.98,2012,842.78,,,,,,840.33,N,,
3/5/2012,9.45,2012,843.25,,,,,,840.33,N,,
3/8/2012,10.00,2012,843.80,,,,,,840.33,N,,
3/12/2012,10.00,2012,843.80,,,,,,840.33,Y,Close Monroe Road,
3/15/2012,,,833.80,,,,,1.65,841.98,Y,,
3/18/2012,,,833.80,,,,,2.4,842.73,Y,,
3/19/2012,11.70,2012,845.50,,,,,,840.33,Y,,
3/22/2012,11.65,2012,845.45,,,,,,840.33,Y,,
,,,833.80,,,,,2.2,842.53,Y,,
4/2/2012,11.47,2012,845.27,,,,,,840.33,Y,,
4/9/2012,11.10,2012,844.90,,,,,1.8,842.13,Y,,
4/16/2012,10.17,2012,843.97,,,,,,840.33,Y,,
4/17/2012,,,833.80,,,,,0.75,841.08,Y,,
4/23/2012,10.00,2012,843.80,,,,,,840.33,Y,,
4/30/2012,10.84,2012,844.64,,,,,,840.33,Y,,
5/4/2012,,,833.80,,,,,1.5,841.83,Y,,
5/7/2012,11.17,2012,844.97,,,,,1.8,842.13,Y,,
5/14/2012,11.35,2012,845.15,,,,,,840.33,Y,Hustisford Closed Dam,
5/17/2012,11.00,2012,844.80,,,,,,840.33,Y,,
5/21/2012,10.20,2012,844.00,,,,,,840.33,Y,,
5/24/2012,9.50,2012,843.30,,,,,,840.33,N,Open Monroe Road,
5/29/2012,8.37,2012,842.17,,,,,,840.33,N,,
6/4/2012,7.23,2012,841.03,,,,,,840.33,N,,
6/11/2012,5.20,2012,839.00,,,,,,840.33,N,,
6/18/2012,5.07,2012,838.87,,,,,,840.33,N,,
6/25/2012,4.75,2012,838.55,,,,,,840.33,N,,
7/2/2012,4.60,2012,838.40,,,,,,840.33,N,,
7/9/2012,4.50,2012,838.30,,,,,,840.33,N,,
7/16/2012,4.50,2012,838.30,,,,,,840.33,N,,
7/23/2012,4.20,2012,838.00,,,,,,840.33,N,Logs removed from river,
7/30/2012,4.60,2012,838.40,,,,,,840.33,N,,
8/6/2012,4.40,2012,838.20,,,,,,840.33,N,,
8/13/2012,4.55,2012,838.35,,,,,,840.33,N,,
8/20/2012,4.74,2012,838.54,,,,,,840.33,N,,
8/27/2012,4.50,2012,838.30,,,,,,840.33,N,,
9/4/2012,4.27,2012,838.07,,,,,,840.33,N,,
9/10/2012,4.32,2012,838.12,,,,,,840.33,N,,
9/17/2012,4.27,2012,838.07,,,,,,840.33,N,,
9/24/2012,4.35,2012,838.15,,,,,,840.33,N,,
10/1/2012,4.30,2012,838.10,,,,,,840.33,N,,
10/8/2012,4.32,2012,838.12,,,,,,840.33,N,,
10/15/2012,5.00,2012,838.80,,,,,,840.33,N,2 inches of rain Sat/Sun,
10/22/2012,5.10,2012,838.90,,,,,,840.33,N,,
10/29/2012,4.95,2012,838.75,,,,,,840.33,N,,
11/5/2012,4.60,2012,838.40,,,,,,840.33,N,,
11/12/2012,4.85,2012,838.65,,,,,,840.33,N,,
11/19/2012,4.95,2012,838.75,,,,,,840.33,N,,
11/26/2012,4.82,2012,838.62,,,,,,840.33,N,,
12/3/2012,5.07,2012,838.87,,,,,,840.33,N,,
12/10/2012,6.02,2012,839.82,,,,,,840.33,N,First snow - 2012 (apprx 2 inches),
12/17/2012,6.26,2012,840.06,,,,,,840.33,N,Snowstorm - 15 inches (12/19/12),
12/26/2012,6.51,2012,840.31,,,,,,840.33,N,,
1/4/2013,6.05,2013,839.85,,,,,,840.33,N,,
1/7/2013,5.70,2013,839.50,,,,,,840.33,N,,
1/14/2013,7.95,2013,841.75,,,,,,840.33,N,Major Thaw - Temps in the 40s,
1/21/2013,7.30,2013,841.10,,,,,,840.33,N,Below 0 temps,
1/29/2013,7.57,2013,841.37,,,,,,840.33,N,"1"" of rain overnight - 50 degrees - rain all day on 1/29 ",
2/6/2013,9.37,2013,843.17,,,,,,840.33,N,"Hustisford Opened 8""",
2/11/2013,9.90,2013,843.70,,,,,,840.33,N,"Rain - Sunday, Feb 10",
2/13/2013,10.00,2013,843.80,,,,,,840.33,N,,
2/14/2013,10.25,2013,844.05,,,,,,840.33,N,,
2/18/2013,10.55,2013,844.35,,,,,,840.33,N,"Hst closed dam by 1""",
2/25/2013,10.20,2013,844.00,,,,,,840.33,N,,
3/4/2013,8.62,2013,842.42,,,,,,840.33,N,,
3/11/2013,9.62,2013,843.42,,,,,,840.33,Y,"1.5"" of rain/thawing - Horicon and Hustisford Opened Dams ",
3/12/2013,10.72,2013,844.52,,,,,,840.33,Y,,
3/14/2013,11.94,2013,845.74,,,,,,840.33,Y,"Hustisford opened dam by 4""",
3/18/2013,11.75,2013,845.55,,,,,,840.33,Y,,
3/19/2013,11.90,2013,845.70,,,,,,840.33,Y,,
3/21/2013,12.13,2013,845.93,,,,,,840.33,Y,Hustisford opened dam more,
3/25/2013,11.82,2013,845.62,,,,,,840.33,Y,,
3/28/2013,11.62,2013,845.42,,,,,,840.33,Y,,
4/1/2013,12.10,2013,845.90,,,,,,840.33,Y,,
4/3/2013,12.45,2013,846.25,,,,,2.9,843.23,Y,,
4/8/2013,12.57,2013,846.37,,,,,,840.33,Y,"1/2"" rain on 4/8/13",
4/9/2013,12.60,2013,846.40,,,,,,840.33,Y,"Flood Watch (2-3"" expected up to Friday, 4/12)",
4/10/2013,12.90,2013,846.70,,,,,,840.33,Y,"Rain Total from 4/8-4/10 = 2 7/10"" / Horicon open dam 1.5"" AM/ Total of 9"" Opening (4.5"" each gate)",
4/11/2013,13.30,2013,847.10,,,,,,840.33,Y,"Rain Total from 4/8/12 = 3 3/10"" (Upham Road Closed)",
4/12/2013,13.70,2013,847.50,,,,,,840.33,Y,"Rain Total from 4/8/12 = 3 6/10""",
4/13/2013,13.80,2013,847.60,,,,,,840.33,Y,,
4/14/2013,13.78,2013,847.58,,,,,,840.33,Y,"Rain 6/10""",
4/15/2013,13.74,2013,847.54,,,,,,840.33,Y,,
4/16/2013,13.67,2013,847.47,,,,,,840.33,Y,,
4/17/2013,0.00,2013,833.80,,,,,,840.33,Y,No measurement taken,
4/18/2013,13.75,2013,847.55,,,,,,840.33,Y,,
4/19/2013,13.87,2013,847.67,,,,,,840.33,Y,,
4/20/2013,13.89,2013,847.69,,,,,,840.33,Y,,
4/21/2013,13.92,2013,847.72,,,,,,840.33,Y,,
4/22/2013,13.78,2013,847.58,,,,,,840.33,Y,,
4/24/2013,13.52,2013,847.32,,,,,,840.33,Y,,
4/29/2013,12.95,2013,846.75,,,,,,840.33,Y,,
5/1/2013,12.75,2013,846.55,,,,,,840.33,Y,"1"" of rain/Hustisford opened dam by 5""",
5/2/2013,12.65,2013,846.45,,,,,,840.33,Y,,
5/6/2013,12.55,2013,846.35,,,,,,840.33,Y,,
5/9/2013,12.25,2013,846.05,,,,,,840.33,Y,"1.9"" Rain",
5/13/2013,12.60,2013,846.40,,,,,,840.33,Y,,
5/15/2013,12.40,2013,846.20,,,,,,840.33,Y,,
5/16/2013,12.35,2013,846.15,,,,,,840.33,Y,,
5/20/2013,12.45,2013,846.25,,,,,,840.33,Y,,
5/23/2013,12.10,2013,845.90,,,,,,840.33,Y,"1.6"" Rain on 5/22/13 and Hustisford opening dam",
5/28/2013,12.20,2013,846.00,,,,,,840.33,Y,,
6/3/2013,11.80,2013,845.60,,,,,,840.33,Y,,
6/6/2013,11.35,2013,845.15,,,,,,840.33,Y,,
6/10/2013,11.00,2013,844.80,,,,,,840.33,Y,,
6/14/2013,10.63,2013,844.43,,,,,,840.33,Y,,
6/24/2013,10.95,2013,844.75,,,,,,840.33,Y,,
6/28/2013,11.30,2013,845.10,,,,,,840.33,Y,Rain Daily,
7/1/2013,11.25,2013,845.05,,,,,,840.33,Y,,
7/8/2013,10.67,2013,844.47,,,,,,840.33,Y,,
7/10/2013,10.40,2013,844.20,,,,,,840.33,Y,,
7/11/2013,10.20,2013,844.00,,,,,,840.33,Y,,
7/15/2013,8.80,2013,842.60,,,,,,840.33,N,Opened Monroe Rd,
7/22/2013,7.70,2013,841.50,,,,,,840.33,N,,
7/25/2013,6.30,2013,840.10,,,,,,840.33,N,,
7/29/2013,7.10,2013,840.90,,,,,,840.33,N,,
8/5/2013,5.86,2013,839.66,,,,,,840.33,N,,
8/12/2013,5.66,2013,839.46,,,,,,840.33,N,,
8/15/2013,5.66,2013,839.46,,,,,,840.33,N,,
8/19/2013,5.50,2013,839.30,,,,,,840.33,N,,
8/21/2013,5.55,2013,839.35,,,,,,840.33,N,,
8/28/2013,5.33,2013,839.13,,,,,,840.33,N,,
9/3/2013,5.10,2013,838.90,,,,,,840.33,N,,
9/9/2013,4.95,2013,838.75,,,,,,840.33,N,,
9/16/2013,5.15,2013,838.95,,,,,,840.33,N,,
9/23/2013,5.54,2013,839.34,,,,,,840.33,N,,
9/30/2013,5.40,2013,839.20,,,,,,840.33,N,Lebanon - Cleaned blocked area,
10/7/2013,7.40,2013,841.20,,,,,,840.33,N,"3"" rain northern part of county",
10/14/2013,5.95,2013,839.75,,,,,,840.33,N,,
10/21/2013,5.53,2013,839.33,,,,,,840.33,N,,
10/28/2013,5.60,2013,839.40,,,,,,840.33,N,,
11/4/2013,7.97,2013,841.77,,,,,,840.33,N,,
11/11/2013,7.35,2013,841.15,,,,,,840.33,N,,
11/18/2013,8.00,2013,841.80,,,,,,840.33,N,"1.2"" Rain/Hustisford Open Dam 10""",
11/20/2013,9.07,2013,842.87,,,,,,840.33,N,,
11/25/2013,9.05,2013,842.85,,,,,,840.33,N,,
12/2/2013,8.83,2013,842.63,,,,,,840.33,N,,
12/11/2013,8.71,2013,842.51,,,,,,840.33,N,,
12/16/2013,8.45,2013,842.25,,,,,,840.33,N,,
1/2/2014,8.27,2014,842.07,,,,,,840.33,N,,
1/13/2014,6.85,2014,840.65,,,,,,840.33,N,,
1/27/2014,6.91,2014,840.71,,,,,,840.33,N,,
2/3/2014,6.65,2014,840.45,,,,,,840.33,N,,
2/10/2014,6.70,2014,840.50,,,,,,840.33,N,Water level is approx 2' below ice,
2/21/2014,7.80,2014,841.60,,,,,,840.33,N,,
2/24/2014,7.47,2014,841.27,,,,,,840.33,N,,
3/3/2014,7.03,2014,840.83,,,,,,840.33,N,,
3/10/2014,7.17,2014,840.97,,,,,,840.33,N,,
3/17/2014,10.50,2014,844.30,,,,,,840.33,N,,
3/19/2014,10.97,2014,844.77,,,,,,840.33,N,,
3/20/2014,11.05,2014,844.85,,,,,1,841.33,Y,Monroe Road Closed,
3/24/2014,10.70,2014,844.50,,,,,,840.33,Y,Federal Refuge draining marsh/Hst opening dam.,
3/28/2014,10.75,2014,844.55,,,,,,840.33,Y,,
3/31/2014,11.00,2014,844.80,,,,,,840.33,Y,,
4/10/2014,11.60,2014,845.40,,,,,,840.33,Y,,
4/14/2014,11.85,2014,845.65,,,,,,840.33,Y,"3"" Rain - Sat/Sun",
4/16/2014,12.85,2014,846.65,,,,,,840.33,Y,Closed Upham & North End of Monroe Road,
4/17/2014,12.94,2014,846.74,,,,,,840.33,Y,Hustisford Opened Dam More,
4/21/2014,12.85,2014,846.65,,,,,,840.33,Y,,
4/28/2014,12.30,2014,846.10,,,,,,840.33,Y,Water off of Upham Road,
5/5/2014,12.15,2014,845.95,,,,,,840.33,Y,,
5/12/2014,11.75,2014,845.55,,,,,,840.33,Y,,
5/19/2014,11.95,2014,845.75,,,,,,840.33,Y,,
5/28/2014,11.19,2014,844.99,,,,,,840.33,Y,,
6/2/2014,9.65,2014,843.45,,,,,,840.33,Y,"1.25"" Rain (Sun/Mon)",
6/3/2014,10.20,2014,844.00,,,,,,840.33,Y,,
6/4/2014,10.55,2014,844.35,,,,,,840.33,Y,,
6/9/2014,10.45,2014,844.25,,,,,,840.33,Y,,
6/16/2014,9.85,2014,843.65,,,,,,840.33,Y,"1.72"" Rain - Hst will open dam",
6/19/2014,10.95,2014,844.75,,,,,,840.33,Y,"1.90"" Rain ",
6/23/2014,12.75,2014,846.55,,,,,,840.33,Y,"Total of 5"" of Rain/Upham Closed and Monroe from La Follette/Hst Opening Dam",
6/26/2014,13.15,2014,846.95,,,,,,840.33,Y,,
6/30/2014,12.90,2014,846.70,,,,,,840.33,Y,"Rain - 1.31""-2.18""  (Herman:  2"" on 6/29 and 2.5"" 6/30)",
7/1/2014,13.05,2014,846.85,,,,,,840.33,Y,,
7/2/2014,13.45,2014,847.25,,,,,,840.33,Y,,
7/3/2014,13.65,2014,847.45,,,,,,840.33,Y,Crested,
7/4/2014,13.50,2014,847.30,,,,,,840.33,Y,,
7/7/2014,13.10,2014,846.90,,,,,,840.33,Y,6/10ths of rain,
7/14/2014,12.40,2014,846.20,,,,,,840.33,Y,,
7/21/2014,11.80,2014,845.60,,,,,,840.33,Y,Opened North End of Monroe Road,
7/28/2014,10.78,2014,844.58,,,,,,840.33,Y,,
8/4/2014,8.60,2014,842.40,,,,,,840.33,Y,,
8/11/2014,5.70,2014,839.50,,,,,,840.33,N,Remove trees from Monroe Road that fell during flood,
8/18/2014,5.85,2014,839.65,,,,,,840.33,N,,
8/25/2014,7.10,2014,840.90,,,,,,840.33,N,,
9/2/2014,7.30,2014,841.10,,,,,,840.33,N,,
9/8/2014,6.15,2014,839.95,,,,,,840.33,N,,
9/15/2014,6.75,2014,840.55,,,,,,840.33,N,,
9/22/2014,6.76,2014,840.56,,,,,,840.33,N,,
9/29/2014,6.30,2014,840.10,,,,,,840.33,N,,
10/6/2014,7.20,2014,841.00,,,,,,840.33,N,,
10/13/2014,6.40,2014,840.20,,,,,,840.33,N,,
10/20/2014,8.70,2014,842.50,,,,,,840.33,N,,
10/27/2014,8.42,2014,842.22,,,,,,840.33,N,,
11/4/2014,7.70,2014,841.50,,,,,,840.33,N,,
11/10/2014,8.20,2014,842.00,,,,,,840.33,N,,
11/17/2014,8.40,2014,842.20,,,,,,840.33,N,,
12/2/2014,8.80,2014,842.60,,,,,,840.33,N,,
12/9/2014,7.95,2014,841.75,,,,,,840.33,N,,
12/15/2014,7.98,2014,841.78,,,,,,840.33,N,,
12/22/2014,8.00,2014,841.80,,,,,,840.33,N,,
12/29/2014,8.04,2014,841.84,,,,,,840.33,N,,
1/5/2015,8.02,2015,841.82,,,,,,840.33,N,,
1/12/2015,7.95,2015,841.75,,,,,,840.33,N,,
1/19/2015,7.47,2015,841.27,,,,,,840.33,N,,
1/26/2015,6.75,2015,840.55,,,,,,840.33,N,,
2/5/2015,7.15,2015,840.95,,,,,,840.33,N,,
2/9/2015,6.75,2015,840.55,,,,,,840.33,N,,
2/16/2015,6.62,2015,840.42,,,,,,840.33,N,,
2/23/2015,6.72,2015,840.52,,,,,,840.33,N,,
3/2/2015,6.25,2015,840.05,,,,,,840.33,N,,
3/10/2015,6.75,2015,840.55,,,,,,840.33,N,,
3/11/2015,7.45,2015,841.25,,,,,,840.33,N,,
3/12/2015,7.70,2015,841.50,,,,,,840.33,N,"Dam Opened on Friday, March 13, 2015",
3/16/2015,8.97,2015,842.77,,,,,,840.33,N,"Dam Closed on Monday, March 16, 2015",
3/17/2015,8.55,2015,842.35,,,,,,840.33,N,,
3/18/2015,7.70,2015,841.50,,,,,,840.33,N,,
3/23/2015,7.62,2015,841.42,,,,,,840.33,N,,
4/2/2015,6.40,2015,840.20,,,,,,840.33,N,,
4/6/2015,7.12,2015,840.92,,,,,,840.33,N,,
4/9/2015,9.35,2015,843.15,,,,,,840.33,N,"Rain from 4/7 to 4/10/15 = Total 3.48""/Hustisford Dam Opened One Gate: 8""-4/8 and 40""-4/9",
4/10/2015,10.70,2015,844.50,,,,,,840.33,Y,,
4/13/2015,11.97,2015,845.77,,,,,,840.33,Y,,
4/14/2015,11.91,2015,845.71,,,,,,840.33,Y,,
4/20/2015,11.30,2015,845.10,,,,,,840.33,Y,"Hustisford Opened Gate / 1"" of Rain",
4/27/2015,11.10,2015,844.90,,,,,,840.33,Y,,
5/4/2015,10.66,2015,844.46,,,,,,840.33,Y,,
5/11/2015,10.17,2015,843.97,,,,,,840.33,Y,,
5/18/2015,9.60,2015,843.40,,,,,,840.33,N,,
5/26/2015,8.42,2015,842.22,,,,,,840.33,N,"1.6"" Rain - 5/24/15",
6/1/2015,9.62,2015,843.42,,,,,,840.33,N,,
6/2/2015,9.84,2015,843.64,,,,,,840.33,N,,
6/8/2015,9.03,2015,842.83,,,,,,840.33,N,,
6/12/2015,9.05,2015,842.85,,,,,,840.33,N,"Hst opening dam - unknown (1.86"")",
6/15/2015,10.35,2015,844.15,,,,,,840.33,N,"1.015""  - 6/13 to 6/15",
6/17/2015,10.70,2015,844.50,,,,,,840.33,N,,
6/22/2015,10.17,2015,843.97,,,,,,840.33,N,,
6/29/2015,7.63,2015,841.43,,,,,,840.33,N,,
7/6/2015,5.97,2015,839.77,,,,,,840.33,N,".45"" Rain - 7/6/15",
7/13/2015,6.15,2015,839.95,,,,,,840.33,N,"Hst Dam Opened 18"" / 3"" Ledge Park / Lebanon - .72""",
7/16/2015,9.00,2015,842.80,,,,,,840.33,N,,
7/17/2015,8.80,2015,842.60,,,,,,840.33,N,"Rain 1"" - Mayville/.9"" - Lebanon",
7/27/2015,6.05,2015,839.85,,,,,,840.33,N,,
8/3/2015,5.46,2015,839.26,,,,,,840.33,N,,
8/10/2015,5.40,2015,839.20,,,,,,840.33,N,,
8/17/2015,5.00,2015,838.80,,,,,,840.33,N,,
8/24/2015,5.20,2015,839.00,,,,,,840.33,N,,
8/31/2015,6.30,2015,840.10,,,,,,840.33,N,,
9/8/2015,5.15,2015,838.95,,,,,,840.33,N,,
9/14/2015,5.80,2015,839.60,,,,,,840.33,N,Rain - 9/17 to 9/18 - 2.6 inches,
9/21/2015,7.20,2015,841.00,,,,,,840.33,N,,
9/28/2015,5.25,2015,839.05,,,,,,840.33,N,"1.1"" Rain - 9/28 into 9/29",
10/5/2015,5.45,2015,839.25,,,,,,840.33,N,,
10/12/2015,5.15,2015,838.95,,,,,,840.33,N,,
10/19/2015,5.10,2015,838.90,,,,,,840.33,N,,
10/26/2015,5.30,2015,839.10,,,,,,840.33,N,10/23/15 - .33 rain & 10/31/15 - .70 rain,
11/3/2015,6.00,2015,839.80,,,,,,840.33,N,,
11/9/2015,6.20,2015,840.00,,,,,,840.33,N,,
11/16/2015,6.05,2015,839.85,,,,,,840.33,N,,
11/23/2015,6.67,2015,840.47,,,,,,840.33,N,"Apprx 4"" of snow (but melted in 2-3 days)",
11/30/2015,9.42,2015,843.22,,,,,,840.33,N,"2"" of rain from 11/26/15 to 11/30/15",
12/1/2015,9.52,2015,843.32,,,,,,840.33,N,,
12/2/2015,9.56,2015,843.36,,,,,,840.33,N,,
12/3/2015,9.65,2015,843.45,,,,,,840.33,N,Hst/Horicon Marsh to open dams,
12/4/2015,9.77,2015,843.57,,,,,,840.33,N,,
12/7/2015,9.90,2015,843.70,,,,,,840.33,N,,
12/10/2015,10.12,2015,843.92,,,,,,840.33,Y,,
12/11/2015,10.25,2015,844.05,,,,,,840.33,Y,,
12/14/2015,10.86,2015,844.66,,,,,,840.33,Y,"Rain .4 on 12/12 and 1.7"" on 12/13 - HST opening dam",
12/16/2015,11.50,2015,845.30,,,,,,840.33,Y,,
12/17/2015,11.70,2015,845.50,,,,,,840.33,Y,,
12/18/2015,11.75,2015,845.55,,,,,,840.33,Y,,
12/21/2015,11.65,2015,845.45,,,,,,840.33,Y,Horicon Marsh-State pulling gates.,
12/22/2015,11.67,2015,845.47,,,,,,840.33,Y,,
12/23/2015,11.70,2015,845.50,,,,,,840.33,Y,,
12/28/2015,11.74,2015,845.54,,,,,,840.33,Y,,
1/4/2016,11.25,2016,845.05,,,,,,840.33,Y,,
1/8/2016,10.90,2016,844.70,,,,,,840.33,Y,,
1/11/2016,11.15,2016,844.95,,,,,,840.33,Y,,
1/14/2016,11.40,2016,845.20,,,,,,840.33,Y,,
1/18/2016,10.85,2016,844.65,,,,,,840.33,Y,,
1/25/2016,10.05,2016,843.85,,,,,,840.33,Y,,
2/1/2016,9.50,2016,843.30,,,,,,840.33,Y,Ice and snow on road - gates closed,
2/5/2016,8.25,2016,842.05,,,,,,840.33,Y,Ice and snow on road - gates closed,
2/11/2016,8.50,2016,842.30,,,,,,840.33,N,"Open gates - removed 8"" of ice/snow from road top",
2/16/2016,7.90,2016,841.70,,,,,,840.33,N,,
2/22/2016,9.56,2016,843.36,,,,,,840.33,N,,
2/29/2016,9.90,2016,843.70,,,,,,840.33,Y,Closed Monroe Road,
3/7/2016,10.46,2016,844.26,,,,,,840.33,Y,,
3/14/2016,11.10,2016,844.90,,,,,,840.33,Y,.4 IN rain on 3/13 opening more to north,
3/21/2016,11.95,2016,845.75,,,,,,840.33,Y,1 IN rain on 3/16/16,
3/28/2016,12.21,2016,846.01,,,,,,840.33,Y,2 IN wet snow 3/24/16,
4/4/2016,12.75,2016,846.55,,,,,,840.33,Y,3/31/16 Closed Upham & North End of Monroe Road,
4/11/2016,12.81,2016,846.61,,,,,,840.33,Y,,
4/18/2016,12.20,2016,846.00,,,,,,840.33,Y,,
4/25/2016,11.70,2016,845.50,,,,,,840.33,Y,,
5/2/2016,11.40,2016,845.20,,,,,,840.33,Y,,
5/9/2016,10.46,2016,844.26,,,,,,840.33,Y,.6 inch of rain - 5/10/16,
5/11/2016,9.90,2016,843.70,,,,,,840.33,N,Opened gates,
5/16/2016,8.95,2016,842.75,,,,,,840.33,N,,
5/23/2016,7.46,2016,841.26,,,,,,840.33,N,,
5/31/2016,8.36,2016,842.16,,,,,,840.33,N,1.5 inch over few days,
6/6/2016,8.60,2016,842.40,,,,,,840.33,N,,
6/9/2016,8.60,2016,842.40,,,,,,840.33,N,3.3 inch of rain Wed night,
6/13/2016,8.80,2016,842.60,,,,,,840.33,N,.2 inch of rain,
6/14/2016,8.80,2016,842.60,,,,,,840.33,N,1.8 inch of rain,
6/16/2016,8.90,2016,842.70,,,,,,840.33,N,,
6/27/2016,9.02,2016,842.82,,,,,,840.33,N,6/25/16 2.1 inches,
7/5/2016,5.50,2016,839.30,,,,,,840.33,N,,
7/11/2016,5.65,2016,839.45,,,,,,840.33,N,.1 inch,
7/18/2016,5.50,2016,839.30,,,,,,840.33,N,.1 inch 7/15/16 and .45 inch 7/17/16,
7/25/2016,6.30,2016,840.10,,,,,,840.33,N,,
8/1/2016,7.20,2016,841.00,,,,,,840.33,N,Hustisford Opened,
8/8/2016,6.20,2016,840.00,,,,,,840.33,N,.87 in - 8/5/16,
8/15/2016,7.25,2016,841.05,,,,,,840.33,N,2.7 in 8/13/16 and .6 in 8/17/16,
8/22/2016,8.90,2016,842.70,,,,,,840.33,N,.28 in 8/19/16 and .85 in 8/20/16,
8/29/2016,8.80,2016,842.60,,,,,,840.33,N,,
9/6/2016,7.00,2016,840.80,,,,,,840.33,N,9/7 - 1 in rain / 9/8 .32 in,
9/12/2016,11.65,2016,845.45,,,,,,840.33,Y,.25 in - 9/10/16; .17 in 9/14/16,
9/19/2016,11.65,2016,845.45,,,,,,840.33,Y,.34 in - 9/17/16; .51 in - 9/20/16,
9/21/2016,11.85,2016,845.65,,,,,,840.33,Y,.61 in -  9/21/16,
9/22/2016,12.05,2016,845.85,,,,,,840.33,Y,.1 in - 9/22/16,
9/23/2016,12.25,2016,846.05,,,,,,840.33,Y,Hst/Horicon Marsh to open dams,
9/26/2016,12.55,2016,846.35,,,,,,840.33,Y,.12 in - 9/26/16,
9/28/2016,12.73,2016,846.53,,,,,,840.33,Y,.25 in - 9/27/16,
9/29/2016,12.65,2016,846.45,,,,,,840.33,Y,Crested,
10/3/2016,12.45,2016,846.25,,,,,,840.33,Y,.15 in - 10/3/16,
10/7/2016,12.45,2016,846.25,,,,,,840.33,Y,.3 in - 10/7/16,
10/10/2016,11.75,2016,845.55,,,,,,840.33,Y,,
10/13/2016,11.75,2016,845.55,,,,,,840.33,Y,.29 in - 10/12/16,
10/16/2016,11.75,2016,845.55,,,,,,840.33,Y,2.0 in - 10/15/16,
10/17/2016,11.37,2016,845.17,,,,,,840.33,Y,,
10/24/2016,10.05,2016,843.85,,,,,,840.33,Y,,
10/31/2016,11.65,2016,845.45,,,,,,840.33,Y,Hst opened dam,
11/7/2016,11.57,2016,845.37,,,,,,840.33,Y,.43 in - 11/2/16,
11/14/2016,10.10,2016,843.90,,,,,,840.33,Y,,
11/21/2016,9.65,2016,843.45,,,,,,840.33,Y,1 in rain from 11/27/16 to 11/28/16,
11/28/2016,9.10,2016,842.90,,,,,,840.33,N,.7 in rain 11/28/16,
12/5/2016,9.47,2016,843.27,,,,,,840.33,N,"Snow on Sunday - 3""?",
1/3/2017,9.37,2017,843.17,,,,,,840.33,N,,
1/9/2017,7.20,2017,841.00,,,,,,840.33,N,,
1/17/2017,8.90,2017,842.70,,,,,,840.33,N,,
1/22/2017,10.35,2017,844.15,,,,,,840.33,Y,Monroe Road Closed,
1/23/2017,10.65,2017,844.45,,,,,,840.33,Y,,
1/30/2017,11.05,2017,844.85,,,,,,840.33,Y,,
2/6/2017,10.98,2017,844.78,,,,,,840.33,Y,,
2/13/2017,10.45,2017,844.25,,,,,,840.33,Y,,
2/20/2017,10.10,2017,843.90,,,,,,840.33,Y,,
2/27/2017,11.20,2017,845.00,,,,,,840.33,Y,,
2/28/2017,11.32,2017,845.12,,,,,,840.33,Y,,
3/6/2017,11.60,2017,845.40,,,,,,840.33,Y,,
3/13/2017,11.53,2017,845.33,,,,,,840.33,Y,,
3/20/2017,11.25,2017,845.05,,,,,,840.33,Y,,
3/27/2017,11.10,2017,844.90,,,,,,840.33,Y,,
4/3/2017,11.13,2017,844.93,,,,,,840.33,Y,,
4/10/2017,11.05,2017,844.85,,,,,,840.33,Y,,
4/17/2017,11.25,2017,845.05,,,,,,840.33,Y,.4 in rain-4/15/17; 1.0 in rain-4/16/17,
4/24/2017,11.20,2017,845.00,,,,,,840.33,Y,,
4/26/2017,11.20,2017,845.00,,,,,,840.33,Y,.25 in-rain,
4/28/2017,11.20,2017,845.00,,,,,,840.33,Y,.80 in-rain,
4/30/2017,11.20,2017,845.00,,,,,,840.33,Y,.45 in-rain,
5/1/2017,11.30,2017,845.10,,,,,,840.33,Y,.68 in-rain,
5/4/2017,11.80,2017,845.60,,,,,,840.33,Y,,
5/8/2017,11.61,2017,845.41,,,,,,840.33,Y,,
5/15/2017,11.00,2017,844.80,,,,,,840.33,Y,Opened Upham Road and north end of LaFollette Road,
5/16/2017,11.00,2017,844.80,,,,,,840.33,Y,.74 in rain - 5/15/17,
5/18/2017,11.00,2017,844.80,,,,,,840.33,Y,.58 in rain - 5/17/17,
5/22/2017,10.62,2017,844.42,,,,,,840.33,Y,,
5/24/2017,10.62,2017,844.42,,,,,,840.33,Y,.28 in rain - 5/23/17,
5/28/2017,10.62,2017,844.42,,,,,,840.33,Y,.56 in rain - 5/28/17,
5/30/2017,10.55,2017,844.35,,,,,,840.33,Y,,
6/3/2017,10.55,2017,844.35,,,,,,840.33,Y,.8 in rain,
6/5/2017,10.15,2017,843.95,,,,,,840.33,Y,,
6/12/2017,9.47,2017,843.27,,,,,,840.33,Y,,
6/13/2017,9.47,2017,843.27,,,,,,840.33,Y,.64 in rain,
6/19/2017,9.04,2017,842.84,,,,,,840.33,Y,,
6/20/2017,9.04,2017,842.84,,,,,,840.33,Y,.56 in rain - 6/19/17,
6/22/2017,9.04,2017,842.84,,,,,,840.33,Y,2.0 in rain,
6/25/2017,9.04,2017,842.84,,,,,,840.33,Y,.10 in rain,
6/26/2017,10.07,2017,843.87,,,,,,840.33,Y,,
6/29/2017,10.27,2017,844.07,,,,,,840.33,Y,2.35 in rain - 6/28/17,
7/3/2017,10.63,2017,844.43,,,,,,840.33,Y,,
7/10/2017,9.80,2017,843.60,,,,,,840.33,Y,.5 in rain - 7/10/17,
7/17/2017,9.37,2017,843.17,,,,,,840.33,Y,1.35 in rain - 7/16/17,
7/19/2017,9.37,2017,843.17,,,,,,840.33,Y,.1 IN RAIN - 7/21/17,
7/24/2017,8.85,2017,842.65,,,,,,840.33,N,,
7/31/2017,8.85,2017,842.65,,,,,,840.33,N,,
8/3/2017,8.35,2017,842.15,,,,,,840.33,N,.4 in rain 8/3/17,
8/7/2017,8.55,2017,842.35,,,,,,840.33,N,,
8/11/2017,6.15,2017,839.95,,,,,,840.33,N,.1 in rain - 8/10/17,
8/14/2017,6.55,2017,840.35,,,,,,840.33,N,,
8/17/2017,6.25,2017,840.05,,,,,,840.33,N,1.6 in rain,
8/21/2017,5.92,2017,839.72,,,,,,840.33,N,,
8/25/2017,5.25,2017,839.05,,,,,,840.33,N,,
8/28/2017,4.85,2017,838.65,,,,,,840.33,N,.4 in rain,
9/5/2017,5.64,2017,839.44,,,,,,840.33,N,,
9/11/2017,5.07,2017,838.87,,,,,,840.33,N,,
9/18/2017,4.90,2017,838.70,,,,,,840.33,N,,
9/20/2017,4.90,2017,838.70,,,,,,840.33,N,.2 inch of rain,
9/25/2017,4.95,2017,838.75,,,,,,840.33,N,,
10/2/2017,4.75,2017,838.55,,,,,,840.33,N,,
10/4/2017,4.75,2017,838.55,,,,,,840.33,N,.12 inch - rain,
10/6/2017,4.75,2017,838.55,,,,,,840.33,N,.46 inch - rain,
10/8/2017,4.75,2017,838.55,,,,,,840.33,N,.60 inch - rain,
10/9/2017,5.63,2017,839.43,,,,,,840.33,N,,
10/14/2017,5.63,2017,839.43,,,,,,840.33,N,.46 inch - rain,
10/15/2017,5.63,2017,839.43,,,,,,840.33,N,.50 inch - rain,
10/16/2017,6.75,2017,840.55,,,,,,840.33,N,,
10/23/2017,6.95,2017,840.75,,,,,,840.33,N,,
10/30/2017,7.25,2017,841.05,,,,,,840.33,N,,
11/4/2017,7.25,2017,841.05,,,,,,840.33,N,.20 inch - rain,
11/6/2017,7.19,2017,840.99,,,,,,840.33,N,,
11/13/2017,6.17,2017,839.97,,,,,,840.33,N,,
11/27/2017,7.10,2017,840.90,,,,,,840.33,N,,
12/4/2017,6.90,2017,840.70,,,,,,840.33,N,.20 inch - rain,
12/11/2017,6.95,2017,840.75,,,,,,840.33,N,,
12/17/2017,6.46,2017,840.26,,,,,,840.33,N,,
1/2/2018,6.35,2018,840.15,,,,,,840.33,N,,
1/8/2018,5.12,2018,838.92,,,,,,840.33,N,,
1/15/2018,6.70,2018,840.50,,,,,,840.33,N,Hst opened dam,
1/22/2018,9.95,2018,843.75,,,,,,840.33,N,,
1/25/2018,9.40,2018,843.20,,,,,,840.33,N,,
1/29/2018,9.60,2018,843.40,,,,,,840.33,N,,
1/31/2018,8.65,2018,842.45,,,,,,840.33,N,,
2/2/2018,7.70,2018,841.50,,,,,,840.33,N,,
2/7/2018,7.26,2018,841.06,,,,,,840.33,N,,
2/12/2018,6.90,2018,840.70,,,,,,840.33,N,,
2/19/2018,6.81,2018,840.61,,,,,,840.33,N,,
2/21/2018,9.60,2018,843.40,,,,,,840.33,N,"Approx 2"" rain",
2/22/2018,10.50,2018,844.30,,,,,,840.33,Y,Closed Monroe Road,
2/23/2018,10.80,2018,844.60,,,,,,840.33,Y,,
2/25/2018,10.70,2018,844.50,,,,,,840.33,Y,,
2/26/2018,10.82,2018,844.62,,,,,,840.33,Y,,
3/4/2018,10.75,2018,844.55,,,,,,840.33,Y,,
3/5/2018,10.81,2018,844.61,,,,,,840.33,Y,,
3/12/2018,10.53,2018,844.33,,,,,,840.33,Y,,
3/19/2018,10.05,2018,843.85,,,,,,840.33,Y,,
3/26/2018,8.45,2018,842.25,,,,,,840.33,N,Opened Monroe Rd,
4/2/2018,7.65,2018,841.45,,,,,,840.33,N,,
4/9/2018,7.48,2018,841.28,,,,,,840.33,N,,
4/16/2018,8.25,2018,842.05,,,,,,840.33,N,,
4/23/2018,9.15,2018,842.95,,,,,,840.33,N,,
4/25/2018,9.55,2018,843.35,,,,,,840.33,N,,
4/26/2018,9.78,2018,843.58,,,,,,840.33,Y,Closed Monroe Road,
4/30/2018,10.24,2018,844.04,,,,,,840.33,Y,,
5/2/2018,10.30,2018,844.10,,,,,,840.33,Y,.6 inch of rain,
5/3/2018,10.30,2018,844.10,,,,,,840.33,Y,.6 inch of rain,
5/4/2018,10.75,2018,844.55,,,,,,840.33,Y,1.0 inch of rain,
5/7/2018,11.30,2018,845.10,,,,,,840.33,Y,,
5/10/2018,11.30,2018,845.10,,,,,,840.33,Y,1.28 inch of rain - HST notified,
5/11/2018,11.30,2018,845.10,,,,,,840.33,Y,1.22 inch of rain,
5/14/2018,11.88,2018,845.68,,,,,,840.33,Y,.5 inch rain,
5/15/2018,11.92,2018,845.72,,,,,,840.33,Y,,
5/17/2018,11.85,2018,845.65,,,,,,840.33,Y,,
5/21/2018,11.54,2018,845.34,,,,,,840.33,Y,,
5/22/2018,11.54,2018,845.34,,,,,,840.33,Y,.62 inch of rain,
5/29/2018,11.05,2018,844.85,,,,,,840.33,Y,,
5/31/2018,11.15,2018,844.95,,,,,,840.33,Y,1.12 inch of rain,
6/4/2018,11.00,2018,844.80,,,,,,840.33,Y,,
6/11/2018,9.00,2018,842.80,,,,,,840.33,Y,,
6/18/2018,8.72,2018,842.52,,,,,,840.33,N,2.45 in - Opened Monroe Rd,
6/19/2018,9.30,2018,843.10,,,,,,840.33,Y,.25 in - Closed Monroe Rd,
6/20/2018,9.62,2018,843.42,,,,,,840.33,Y,,
6/21/2018,9.95,2018,843.75,,,,,,840.33,Y,,
6/25/2018,9.64,2018,843.44,,,,,,840.33,Y,,
6/27/2018,9.64,2018,843.44,,,,,,840.33,Y,.64 in rain,
6/28/2018,8.85,2018,842.65,,,,,,840.33,N,Open Monroe Road,
7/2/2018,7.25,2018,841.05,,,,,,840.33,N,,
7/5/2018,7.25,2018,841.05,,,,,,840.33,N,.3 in rain,
7/9/2018,5.10,2018,838.90,,,,,,840.33,N,,
7/16/2018,5.34,2018,839.14,,,,,,840.33,N,,
7/20/2018,5.34,2018,839.14,,,,,,840.33,N,"1.38"" Rain",
7/22/2018,5.34,2018,839.14,,,,,,840.33,N,"1.6"" Rain",
7/23/2018,6.30,2018,840.10,,,,,,840.33,N,,
7/30/2018,4.35,2018,838.15,,,,,,840.33,N,,
8/6/2018,4.51,2018,838.31,,,,,,840.33,N,.68 in-rain,
8/9/2018,4.51,2018,838.31,,,,,,840.33,N,.92 in-rain,
8/13/2018,4.30,2018,838.10,,,,,,840.33,N,,
8/16/2018,4.30,2018,838.10,,,,,,840.33,N,1.88 in-rain,
8/17/2018,4.30,2018,838.10,,,,,,840.33,N,3.26 in-rain,
8/20/2018,6.43,2018,840.23,,,,,,840.33,N,,
8/21/2018,6.76,2018,840.56,,,,,,840.33,N,"2.48 in-rain (Hst opened 6"")",
8/22/2018,6.76,2018,840.56,,,,,,840.33,N,,
8/23/2018,8.25,2018,842.05,,,,,,840.33,N,,
8/27/2018,7.89,2018,841.69,,,,,,840.33,N,"1.94 in-rain (Hst opened 25"" - total of 50"" - 3.3 in rain)",
8/28/2018,9.50,2018,843.30,,,,,,840.33,N,".6 in-rain (Hst -2+ in/30 min-Gates 35"")",
8/29/2018,11.55,2018,845.35,,,,,,840.33,Y,".77 in-rain (Hst-2 gates open 30""/each - 10"" total)",
8/30/2018,12.23,2018,846.03,,,,,,840.33,Y,Monroe Road /Upham Rd Closed,
8/31/2018,12.60,2018,846.40,,,,,,840.33,Y,,
9/1/2018,12.80,2018,846.60,,,,,,840.33,Y,,
9/2/2018,12.85,2018,846.65,,,,,,840.33,Y,.7 in rain,
9/3/2018,13.12,2018,846.92,,,,,,840.33,Y,2.0 in rain,
9/4/2018,13.35,2018,847.15,,,,,,840.33,Y,.43 in rain,
9/5/2018,13.55,2018,847.35,,,,,,840.33,Y,1.52 in rain,
9/6/2018,13.70,2018,847.50,,,,,,840.33,Y,,
9/7/2018,13.67,2018,847.47,,,,,,840.33,Y,,
9/8/2018,13.58,2018,847.38,,,,,,840.33,Y,,
9/9/2018,13.45,2018,847.25,,,,,,840.33,Y,,
9/10/2018,13.25,2018,847.05,,,,,,840.33,Y,,
9/12/2018,12.95,2018,846.75,,,,,,840.33,Y,,
9/14/2018,12.70,2018,846.50,,,,,,840.33,Y,,
9/16/2018,12.54,2018,846.34,,,,,,840.33,Y,,
9/17/2018,12.37,2018,846.17,,,,,,840.33,Y,,
9/19/2018,12.37,2018,846.17,,,,,,840.33,Y,.2 in rain Wiley Rd Open,
9/20/2018,12.10,2018,845.90,,,,,,840.33,Y,.75 in rain,
9/21/2018,12.10,2018,845.90,,,,,,840.33,Y,.33 in rain,
9/24/2018,11.90,2018,845.70,,,,,,840.33,Y,,
9/30/2018,10.60,2018,844.40,,,,,,840.33,Y,.25 in rain,
10/1/2018,10.60,2018,844.40,,,,,,840.33,Y,.90 in rain,
10/2/2018,10.60,2018,844.40,,,,,,840.33,Y,".98 in rain - Upham Rd/N End of Monroe Opened (Hst 1 dam-39"")",
10/5/2018,11.50,2018,845.30,,,,,,840.33,Y,,
10/6/2018,11.50,2018,845.30,,,,,,840.33,Y,.73 in rain - Upham/N End of Monroe Closed,
10/8/2018,11.50,2018,845.30,,,,,,840.33,Y,.41 in rain,
10/9/2018,12.00,2018,845.80,,,,,,840.33,Y,,
10/10/2018,12.00,2018,845.80,,,,,,840.33,Y,.04 in rain,
10/11/2018,12.15,2018,845.95,,,,,,840.33,Y,.40 in rain,
10/15/2018,12.22,2018,846.02,,,,,,840.33,Y,.06 in rain,
10/22/2018,11.96,2018,845.76,,,,,,840.33,Y,,
10/28/2018,11.55,2018,845.35,,,,,,840.33,Y,.35 in rain,
10/29/2018,11.55,2018,845.35,,,,,,840.33,Y,,
11/5/2018,11.50,2018,845.30,,,,,,840.33,Y,.92 in-rain,
11/6/2018,11.50,2018,845.30,,,,,,840.33,Y,.53 in-rain,
11/13/2018,11.47,2018,845.27,,,,,,840.33,Y,,
11/19/2018,10.85,2018,844.65,,,,,,840.33,Y,Open Upham & North End Monroe Road,
11/24/2018,10.85,2018,844.65,,,,,,840.33,Y,.50 inch - rain,
11/26/2018,10.25,2018,844.05,,,,,,840.33,Y,,
12/2/2018,10.25,2018,844.05,,,,,,840.33,Y,.5 inch rain,
12/3/2018,10.12,2018,843.92,,,,,,840.33,Y,,
12/10/2018,9.90,2018,843.70,,,,,,840.33,Y,,
12/17/2018,9.50,2018,843.30,,,,,,840.33,N,Monroe Road Open,
1/2/2019,9.05,2018,842.85,,,,,,840.33,N,,
1/7/2019,9.15,2019,842.95,,,,,,840.33,N,"1"" in rain",
1/9/2019,9.15,2019,842.95,,,,,,840.33,N,Hustisford opened dam/Horicon Marsh Opened,
1/10/2019,10.31,2019,844.11,,,,,,840.33,N,Monroe Rd Closed,
1/11/2019,10.55,2019,844.35,,,,,,840.33,Y,,
1/14/2019,10.55,2019,844.35,,,,,,840.33,Y,,
1/31/2019,9.90,2019,843.70,,,,,,840.33,Y,,
2/4/2019,9.76,2019,843.56,,,,,,840.33,Y,,
2/25/2019,10.58,2019,844.38,,,,,,840.33,Y,,
3/4/2019,10.16,2019,843.96,,,,,,840.33,Y,,
3/8/2019,9.35,2019,843.15,,,,,,840.33,Y,,
3/11/2019,8.91,2019,842.71,,,,,,840.33,Y,,
3/13/2019,8.91,2019,842.71,,,,,,840.33,Y,.13 in rain,
3/14/2019,10.87,2019,844.67,,,,,,840.33,Y,.27 in rain,
3/14/2019,10.87,2019,844.67,,,,,,840.33,Y,.52 in rain,
3/15/2019,11.75,2019,845.55,,,,,,840.33,Y,"Hst Gates - west gate 20"" and east 14"" (flow - 1265 cfs)",
3/15/2019,11.75,2019,845.55,,,,,,840.33,Y,Closed north end of Monroe and Upham Rd,
3/18/2019,12.36,2019,846.16,,,,,,840.33,Y,,
3/25/2019,12.23,2019,846.03,,,,,,840.33,Y,,
3/28/2019,11.95,2019,845.75,,,,,,840.33,Y,,
4/3/2019,11.57,2019,845.37,,,,,,840.33,Y,,
4/8/2019,11.12,2019,844.92,,,,,,840.33,Y,Lock Broke-NO READINGS DUE TO VANDALISM,
4/23/2019,11.12,2019,844.92,,,,,,840.33,Y,1.8 inch of rain,
5/2/2019,9.45,2019,843.25,,,,,,840.33,Y,Key Received,
5/6/2019,9.33,2019,843.13,,,,,,840.33,Y,.67 inch of rain,
5/13/2019,8.45,2019,842.25,,,,,,840.33,Y,,
5/16/2019,8.25,2019,842.05,,,,,,840.33,Y,.42 inch of rain,
5/17/2019,8.25,2019,842.05,,,,,,840.33,Y,.39 inch of rain,
5/19/2019,8.25,2019,842.05,,,,,,840.33,Y,.25 inch of rain,
5/20/2019,8.65,2019,842.45,,,,,,840.33,Y,,
5/22/2019,8.65,2019,842.45,,,,,,840.33,Y,.59 inch of rain,
5/24/2019,8.65,2019,842.45,,,,,,840.33,Y,.64 inch of rain,
5/25/2019,8.65,2019,842.45,,,,,,840.33,Y,.30 inch of rain,
5/28/2019,9.40,2019,843.20,,,,,,840.33,Y,.21 inch of rain,
5/30/2019,9.40,2019,843.20,,,,,,840.33,Y,.05 inch of rain,
6/3/2019,9.10,2019,842.90,,,,,,840.33,Y,.15 inch of rain,
6/5/2019,9.10,2019,842.90,,,,,,840.33,Y,.15 inch of rain,
6/10/2019,8.80,2019,842.60,,,,,,840.33,Y,,
6/13/2019,8.80,2019,842.60,,,,,,840.33,Y,1.0 inch of rain,
6/17/2019,8.75,2019,842.55,,,,,,840.33,Y,.43 inch of rain,
6/24/2019,8.40,2019,842.20,,,,,,840.33,Y,.53 inch of rain,
6/25/2019,8.40,2019,842.20,,,,,,840.33,Y,.46 inch of rain,
6/28/2019,8.40,2019,842.20,,,,,,840.33,Y,1.8 inch of rain,
6/30/2019,8.40,2019,842.20,,,,,,840.33,Y,.72 inch of rain,
7/1/2019,9.55,2019,843.35,,,,,,840.33,Y,,
7/15/2019,7.55,2019,841.35,,,,,,840.33,Y,,
7/17/2019,7.55,2019,841.35,,,,,,840.33,Y,.1 inch of rain,
7/18/2019,7.55,2019,841.35,,,,,,840.33,Y,1.45 inch of rain,
7/19/2019,7.55,2019,841.35,,,,,,840.33,Y,.34 inch of rain,
7/20/2019,7.55,2019,841.35,,,,,,840.33,Y,.61 inch of rain,
7/22/2019,7.30,2019,841.10,,,,,,840.33,N,Opened Monroe Rd,
7/29/2019,6.15,2019,839.95,,,,,,840.33,N,.32 in of rain,
8/4/2019,6.15,2019,839.95,,,,,,840.33,N,.41 in of rain,
8/6/2019,5.64,2019,839.44,,,,,,840.33,N,.68 in of rain,
8/11/2019,5.64,2019,839.44,,,,,,840.33,N,.28 in of rain,
8/12/2019,5.57,2019,839.37,,,,,,840.33,N,,
8/18/2019,5.57,2019,839.37,,,,,,840.33,N,.25 in of rain,
8/19/2019,5.78,2019,839.58,,,,,,840.33,N,,
8/26/2019,4.68,2019,838.48,,,,,,840.33,N,1.36 in of rain,
9/3/2019,4.85,2019,838.65,,,,,,840.33,N,.28 in of rain,
9/9/2019,4.04,2019,837.84,,,,,,840.33,N,,
9/10/2019,4.04,2019,837.84,,,,,,840.33,N,1.16 in of rain,
9/11/2019,4.04,2019,837.84,,,,,,840.33,N,.10 in of rain,
9/12/2019,4.04,2019,837.84,,,,,,840.33,N,.07 in of rain,
9/13/2019,4.04,2019,837.84,,,,,,840.33,N,.87 in of rain,
9/15/2019,4.04,2019,837.84,,,,,,840.33,N,.02 in of rain,
9/16/2019,6.34,2019,840.14,,,,,,840.33,N,,
9/19/2019,6.34,2019,840.14,,,499,,,840.33,N,.64 in rain,
9/22/2019,6.34,2019,840.14,,,879,,,840.33,N,1.84 in of rain,
9/23/2019,7.60,2019,841.40,,,973,,,840.33,N,,
9/26/2019,9.10,2019,842.90,,,885,,,840.33,Y,CLOSED MONROE ROAD,
9/28/2019,9.10,2019,842.90,,,,,,840.33,Y,.38 in rain,
9/29/2019,9.10,2019,842.90,,,,,,840.33,Y,1.0 inch of rain,
9/30/2019,9.20,2019,843.00,,,,,,840.33,Y,,
10/1/2019,9.20,2019,843.00,,,2276,,,840.33,Y,.94 in of rain (City of Mayville - dumped raw sewage 2.25 million gallons),
10/2/2019,9.87,2019,843.67,,,2617,,,840.33,Y,2.10 in of rain,
10/3/2019,11.15,2019,844.95,,,3023,,,840.33,Y,Close Upham & North End Monroe Road/east end of Davidson rd,
10/4/2019,11.90,2019,845.70,,,,,,840.33,Y,,
10/5/2019,12.15,2019,845.95,,,,,,840.33,Y,,
10/6/2019,12.15,2019,845.95,,,,START,,840.33,Y,,
10/7/2019,12.07,2019,845.87,,,,3080,,840.33,Y,,
10/8/2019,11.95,2019,845.75,,,2842,3470,,840.33,Y,,
10/9/2019,11.85,2019,845.65,,,,3700,,840.33,Y,,
10/11/2019,11.74,2019,845.54,,,,3780,,840.33,Y,,
10/14/2019,11.55,2019,845.35,,,2551,3570,,840.33,Y,,
10/21/2019,10.90,2019,844.70,,,2184,3090,,840.33,Y,,
10/21/2019,10.90,2019,844.70,,,,,,840.33,Y,.41 in of rain,
10/24/2019,10.75,2019,844.55,,,,,,840.33,Y,.25 in of rain,
10/29/2019,10.65,2019,844.45,,,,,,840.33,Y,1.0 in of rain,
11/4/2019,10.48,2019,844.28,,,,,,840.33,Y,,
11/11/2019,9.90,2019,843.70,,,,,,840.33,Y,,
11/18/2019,9.66,2019,843.46,,,,,,840.33,Y,,
11/25/2019,9.50,2019,843.30,,,,,,840.33,Y,,
11/27/2019,9.50,2019,843.30,,,,,,840.33,Y,.8 in of rain,
12/1/2019,9.50,2019,843.30,,,,,,840.33,Y,.52 in of rain,
12/2/2019,9.80,2019,843.60,,,,,,840.33,Y,,
12/5/2019,9.77,2019,843.57,,,,,,840.33,Y,,
12/9/2019,9.72,2019,843.52,,,,,,840.33,Y,,
12/16/2019,9.58,2019,843.38,,,,,,840.33,Y,,
12/23/2019,9.08,2019,842.88,,,,,,840.33,Y,,
12/29/2019,8.85,2019,842.65,,,,,,840.33,Y,.91 in of rain,
12/30/2019,8.85,2019,842.65,,,,,,840.33,Y,.38 in of rain,
1/6/2020,8.96,2020,842.76,,,,,,840.33,Y,,
1/13/2020,8.72,2020,842.52,,,,,,840.33,Y,,
1/20/2020,8.94,2020,842.74,,,,,,840.33,Y,,
1/27/2020,8.41,2020,842.21,,,,,,840.33,Y,,
2/3/2020,7.96,2020,841.76,,,,,,840.33,Y,,
2/10/2020,7.30,2020,841.10,,,,,,840.33,N,Opened Monroe Rd,
2/17/2020,7.65,2020,841.45,,,,,,840.33,N,,
2/24/2020,7.16,2020,840.96,,,,,,840.33,N,,
3/2/2020,6.55,2020,840.35,,,,,,840.33,N,,
3/9/2020,8.00,2020,841.80,,,,,,840.33,N,,
3/10/2020,8.58,2020,842.38,,,,,,840.33,Y,Closed Monroe Road,
3/11/2020,9.05,2020,842.85,,,,,,840.33,Y,,
3/12/2020,9.25,2020,843.05,,,,,,840.33,Y,,
3/16/2020,9.40,2020,843.20,,,,,,840.33,Y,,
3/17/2020,9.42,2020,843.22,,,,,,840.33,Y,,
3/18/2020,9.42,2020,843.22,,,,,,840.33,Y,.11 in of rain,
3/20/2020,9.60,2020,843.40,,,,,,840.33,Y,1.0 of rain,
3/23/2020,10.05,2020,843.85,,,,,,840.33,Y,Closed Upham Rd,
3/30/2020,9.99,2020,843.79,,,,,,840.33,Y,.94 in of rain Sat/Sun,
4/9/2020,9.74,2020,843.54,,,,,,840.33,Y,.36 in of rain,
4/13/2020,9.67,2020,843.47,,,,,,840.33,Y,.55 in of rain,
4/20/2020,9.20,2020,843.00,,,,,,840.33,Y,,
4/27/2020,8.65,2020,842.45,,,,,,840.33,Y,.27 in of rain,
4/28/2020,8.65,2020,842.45,,,,,,840.33,Y,.13 in of rain,
4/29/2020,8.65,2020,842.45,,,,,,840.33,Y,.22 in of rain,
5/4/2020,8.10,2020,841.90,,,,,,840.33,Y,,
5/7/2020,7.35,2020,841.15,,,,,,840.33,Y,,
5/11/2020,6.64,2020,840.44,,,,,,840.33,N,.44 in of rain,
5/14/2020,6.64,2020,840.44,,,,,,840.33,N,.67 in of rain,
5/15/2020,6.64,2020,840.44,,,,,,840.33,N,.28 in of rain,
5/18/2020,7.23,2020,841.03,,,,,,840.33,N,2.30 in of rain,
5/19/2020,7.95,2020,841.75,,,,,,840.33,Y,.13 in of rain,
5/20/2020,8.45,2020,842.25,,,,,,840.33,Y,,
5/21/2020,8.68,2020,842.48,,,,,,840.33,Y,,
5/26/2020,8.65,2020,842.45,,,,,,840.33,Y,,
6/1/2020,8.54,2020,842.34,,,,,,840.33,Y,,
6/8/2020,8.47,2020,842.27,,,,,,840.33,Y,,
6/15/2020,8.31,2020,842.11,,,,,,840.33,Y,,
6/21/2020,8.31,2020,842.11,,,,,,840.33,Y,.80 in-rain,
6/22/2020,7.80,2020,841.60,,,,,,840.33,N,.17 in-rain,
6/27/2020,7.80,2020,841.60,,,,,,840.33,N,.47 in-rain,
6/29/2020,7.80,2020,841.60,,,,,,840.33,N,1.02 in-rain,
7/6/2020,6.05,2020,839.85,,,,,,840.33,N,,
7/8/2020,6.05,2020,839.85,,,,,,840.33,N,.56 in-rain,
7/9/2020,6.05,2020,839.85,,,,,,840.33,N,3 in-rain,
7/10/2020,6.95,2020,840.75,,,,,,840.33,N,,
7/13/2020,7.95,2020,841.75,,,,,,840.33,N,,
7/14/2020,7.95,2020,841.75,,,,,,840.33,N,.33 in rain,
7/15/2020,7.95,2020,841.75,,,,,,840.33,N,1.9 in-rain,
7/16/2020,7.85,2020,841.65,,,,,,840.33,N,,
8/3/2020,6.57,2020,840.37,,,,,,840.33,N,.9 in-rain,
8/10/2020,5.63,2020,839.43,,,,,,840.33,N,.82 in-rain,
8/17/2020,4.72,2020,838.52,,,,,,840.33,N,,
8/24/2020,3.50,2020,837.30,,,,,,840.33,N,,
8/25/2020,3.50,2020,837.30,,,,,,840.33,N,1.76 in-rain,
8/27/2020,3.50,2020,837.30,,,,,,840.33,N,.53 in-rain,
8/31/2020,5.50,2020,839.30,,,,,,840.33,N,.11 in-rain,
9/8/2020,8.53,2020,842.33,,,,,,840.33,N,.33 in-rain,
9/9/2020,8.53,2020,842.33,,,,,,840.33,N,.59 in-rain,
9/10/2020,8.56,2020,842.36,,,,,,840.33,Y,.25 in-rain,
9/12/2020,8.56,2020,842.36,,,,,,840.33,Y,1.16 in-rain,
9/14/2020,8.75,2020,842.55,,,,,,840.33,Y,,
9/21/2020,7.95,2020,841.75,,,,,,840.33,Y,,
9/28/2020,5.18,2020,838.98,,,,,,840.33,Y,.29 in-rain,
10/3/2020,5.18,2020,838.98,,,,,,840.33,N,.20 in-rain,
10/5/2020,5.46,2020,839.26,,,,,,840.33,N,,
10/12/2020,5.02,2020,838.82,,,,,,840.33,N,.52 in-rain,
10/19/2020,5.43,2020,839.23,,,,,,840.33,N,,
10/21/2020,5.43,2020,839.23,,,,,,840.33,N,.20 in-rain,
10/22/2020,5.43,2020,839.23,,,,,,840.33,N,.92 in-rain,
10/23/2020,5.43,2020,839.23,,,,,,840.33,N,.71 in-rain,
10/26/2020,8.40,2020,842.20,,,,,,840.33,N,,
10/27/2020,8.65,2020,842.45,,,,,,840.33,N,,
10/28/2020,9.00,2020,842.80,,,,,,840.33,Y,Closed Monroe Road,
11/2/2020,9.31,2020,843.11,,,,,,840.33,Y,,
11/9/2020,8.61,2020,842.41,,,,,,840.33,Y,,
11/10/2020,8.51,2020,842.31,,,,,,840.33,Y,.71 in-rain,
11/15/2020,8.51,2020,842.31,,,,,,840.33,Y,.45 in-rain,
11/16/2020,8.53,2020,842.33,,,,,,840.33,Y,,
11/23/2020,8.30,2020,842.10,,,,,,840.33,Y,,
11/30/2020,8.85,2020,842.65,,,,,,840.33,Y,,
12/7/2020,8.70,2020,842.50,,,,,,840.33,Y,,
12/14/2020,8.15,2020,841.95,,,,,,840.33,Y,,
12/17/2020,7.35,2020,841.15,,,,,,840.33,Y,,
12/18/2020,6.90,2020,840.70,,,,,,840.33,N,,
12/21/2020,6.50,2020,840.30,,,,,,840.33,N,,
12/29/2020,6.40,2020,840.20,,,,,,840.33,N,,
1/4/2021,5.95,2021,839.75,,,,,,840.33,N,,
1/11/2021,5.26,2021,839.06,,,,,,840.33,N,,
1/18/2021,5.71,2021,839.51,,,,,,840.33,N,,
1/25/2021,5.94,2021,839.74,,,,,,840.33,N,https://www.fox6now.com/news/along-rock-river-demands-to-solve-flooded-fields-and-dying-forest,
2/1/2021,5.65,2021,839.45,,,,,,840.33,N,,
2/10/2021,5.85,2021,839.65,,,,,,840.33,N,,
2/15/2021,5.89,2021,839.69,,,,,,840.33,N,,
2/22/2021,5.65,2021,839.45,,,,,,840.33,N,,
3/1/2021,5.90,2021,839.70,,,,,,840.33,N,,
3/8/2021,6.30,2021,840.10,,,,,,840.33,N,,
3/10/2021,7.45,2021,841.25,,,,,,840.33,N,,
3/11/2021,7.85,2021,841.65,,,,,,840.33,N,,
3/15/2021,8.35,2021,842.15,,,,,,840.33,N,,
3/16/2021,8.35,2021,842.15,,,,,,840.33,Y,Closed Monroe Road,
3/17/2021,8.40,2021,842.20,,,,,,840.33,Y,,
3/18/2021,8.44,2021,842.24,,,,,,840.33,Y,.25 in of rain,
3/22/2021,8.30,2021,842.10,,,,,,840.33,Y,,
3/24/2021,8.30,2021,842.10,,,,,,840.33,Y,.82 in of rain,
3/29/2021,8.90,2021,842.70,,,,,,840.33,Y,,
3/31/2021,8.78,2021,842.58,,,,,,840.33,Y,,
4/5/2021,8.55,2021,842.35,,,,,,840.33,Y,,
4/12/2021,8.60,2021,842.40,,,,,,840.33,Y,"1.33 in of rain (since Wed, Apr 7)",
4/19/2021,8.40,2021,842.20,,,,,,840.33,Y,,
4/28/2021,6.90,2021,840.70,,,,,,840.33,N,,
5/3/2021,6.45,2021,840.25,,,,,,840.33,N,,
5/4/2021,6.85,2021,840.65,,,,,,840.33,N,1.40 in of rain,
5/6/2021,7.90,2021,841.70,,,,,,840.33,N,.16 in of rain,
5/10/2021,8.10,2021,841.90,,,,,,840.33,N,,
5/17/2021,7.20,2021,841.00,,,,,,840.33,N,,
5/18/2021,7.20,2021,841.00,,,,,,840.33,N,.41 in,
5/24/2021,5.93,2021,839.73,,,,,,840.33,N,.6 in ,
6/1/2021,7.03,2021,840.83,,,,,,840.33,N,.5 in - 5/28/21,
6/7/2021,5.47,2021,839.27,,,,,,840.33,N,,
 6/14/2021,4.30,2021,838.10,,,,,,840.33,N,,
6/18/2021,4.30,2021,838.10,,,,,,840.33,N,.61 inch of rain,
6/20/2021,4.30,2021,838.10,,,,,,840.33,N,.21 inch of rain,
6/21/2021,4.25,2021,838.05,,,,,,840.33,N,.22 in of rain,
6/25/2021,4.25,2021,838.05,,,,,,840.33,N,.45 in-rain,
6/26/2021,4.25,2021,838.05,,,,,,840.33,N,.36 in-rain,
6/27/2021,4.25,2021,838.05,,,,,,840.33,N,.16 in-rain,
6/28/2021,4.65,2021,838.45,,,,,,840.33,N,.22 in-rain,
6/29/2021,4.65,2021,838.45,,,,,,840.33,N,.38 in-rain,
7/5/2021,4.07,2021,837.87,,,,,,840.33,N,,
7/12/2021,3.90,2021,837.70,,,,,,840.33,N,,
7/14/2021,3.90,2021,837.70,,,,,,840.33,N,.80 in-rain,
7/19/2021,4.15,2021,837.95,,,,,,840.33,N,,
7/26/2021,3.90,2021,837.70,,,,,,840.33,N,,
7/29/2021,3.90,2021,837.70,,,,,,840.33,N,.65 in-rain,
8/2/2021,3.90,2021,837.70,,,,,,840.33,N,,
8/7/2021,3.90,2021,837.70,,,,,,840.33,N,.89 in-rain,
8/9/2021,5.30,2021,839.10,,,,,,840.33,N,.42 in-rain,
8/10/2021,5.30,2021,839.10,,,,,,840.33,N,.75 in-rain,
8/11/2021,5.30,2021,839.10,,,,,,840.33,N,.24 in-rain,
8/16/2021,7.60,2021,841.40,,,,,,840.33,N,,
8/23/2021,7.95,2021,841.75,,,,,,840.33,N,,
8/27/2021,7.95,2021,841.75,,,,,,840.33,N,.24 in-rain,
8/30/2021,7.28,2021,841.08,,,,,,840.33,N,,
9/7/2021,6.39,2021,840.19,,,,,,840.33,N,,
9/12/2021,5.48,2021,839.28,,,,,,840.33,N,.72 in-rain,
9/13/2021,5.48,2021,839.28,,,,,,840.33,N,.24 in-rain,
9/20/2021,3.75,2021,837.55,,,,,,840.33,N,1.16 in-rain,
9/27/2021,3.90,2021,837.70,,,,,,840.33,N,,
10/3/2021,3.90,2021,837.70,,,,,,840.33,N,1.74 in-rain,
10/4/2021,4.38,2021,838.18,,,,,,840.33,N,.82 in of rain,
10/8/2021,4.38,2021,838.18,,,,,,840.33,N,.34 in of rain,
10/11/2021,4.35,2021,838.15,,,,,,840.33,N,,
10/18/2021,5.75,2021,839.55,,,,,,840.33,N,,
10/25/2021,5.00,2021,838.80,,,,,,840.33,N,.39 in of rain,
11/1/2021,4.75,2021,838.55,,,,,,840.33,N,,
11/8/2021,3.75,2021,837.55,,,,,,840.33,N,,
11/15/2021,4.04,2021,837.84,,,,,,840.33,N,,
11/22/2021,3.88,2021,837.68,,,,,,840.33,N,,
11/29/2021,3.85,2021,837.65,,,,,,840.33,N,,
12/6/2021,4.90,2021,838.70,,,,,,840.33,N,,
12/13/2021,5.29,2021,839.09,,,,,,840.33,N,1.45 in of rain/snow,
12/20/2021,6.61,2021,840.41,,,,,,840.33,N,,
1/10/2022,3.05,2022,836.85,,,,,,840.33,N,,
1/17/2022,4.53,2022,838.33,,,,,,840.33,N,,
1/24/2022,4.65,2022,838.45,,,,,,840.33,N,,
2/3/2022,4.46,2022,838.26,,,,,,840.33,N,,
2/7/2022,4.35,2022,838.15,,,,,,840.33,N,,
2/14/2022,4.38,2022,838.18,,,,,,840.33,N,,
2/21/2022,4.28,2022,838.08,,,,,,840.33,N,,
2/28/2022,4.60,2022,838.40,,,,,,840.33,N,,
3/7/2022,6.55,2022,840.35,,,,,,840.33,N,,
3/14/2022,6.05,2022,839.85,,,,,,840.33,N,,
3/21/2022,7.33,2022,841.13,,,,,,840.33,N,,
3/23/2022,7.90,2022,841.70,,,,,,840.33,N,.80 in-rain,
3/24/2022,7.90,2022,841.70,,,,,,840.33,N,.21 in-rain,
3/25/2022,8.20,2022,842.00,,,,,,840.33,Y,.10 in-rain,
3/28/2022,8.70,2022,842.50,,,,,,840.33,Y,,
4/4/2022,9.30,2022,843.10,,,,,,840.33,Y,.6 in-rain,
4/6/2022,9.50,2022,843.30,,,,,,840.33,Y,,
4/11/2022,9.70,2022,843.50,,,,,,840.33,Y,,
4/18/2022,9.15,2022,842.95,,,,,,840.33,Y,,
4/22/2022,9.15,2022,842.95,,,,,,840.33,Y,.9 in-rain,
4/25/2022,9.25,2022,843.05,,,,,,840.33,Y,,
5/2/2022,9.05,2022,842.85,,,,,,840.33,Y,,
5/9/2022,7.95,2022,841.75,,,,,,840.33,Y,,
5/16/2022,5.65,2022,839.45,,,,,,840.33,N,.24 in-rain,
5/19/2022,5.65,2022,839.45,,,,,,840.33,N,.14 in-rain,
5/23/2022,5.95,2022,839.75,,,,,,840.33,N,,
5/26/2022,5.95,2022,839.75,,,,,,840.33,N,.39 in of rain,
5/27/2022,5.95,2022,839.75,,,,,,840.33,N,2.15 in of rain,
6/5/2022,5.95,2022,839.75,,,,,,840.33,N,.44 in of rain,
6/6/2022,6.35,2022,840.15,,,,,,840.33,N,.71 in-rain,
6/8/2022,6.35,2022,840.15,,,,,,840.33,N,.93 in of rain,
6/9/2022,7.70,2022,841.50,,,,,,840.33,N,,
6/10/2022,7.70,2022,841.50,,,,,,840.33,N,.1 in of rain,
6/11/2022,7.70,2022,841.50,,,,,,840.33,N,.5 in of rain,
6/13/2022,8.50,2022,842.30,,,,,,840.33,Y,.42 in of rain,
6/16/2022,9.10,2022,842.90,,,,,,840.33,Y,3.48 in of rain,
6/20/2022,9.95,2022,843.75,,,,,,840.33,Y,,
6/22/2022,9.95,2022,843.75,,,,,,840.33,Y,.26 in of rain,
6/25/2022,9.95,2022,843.75,,,,,,840.33,Y,.18 in of rain,
6/27/2022,9.30,2022,843.10,,,,,,840.33,Y,,
7/5/2022,8.30,2022,842.10,,,,,,840.33,Y,.38 in of rain,
7/6/2022,8.30,2022,842.10,,,,,,840.33,Y,.66 in of rain,
7/11/2022,6.35,2022,840.15,,,,,,840.33,Y,.55 in of rain,
7/12/2022,6.35,2022,840.15,,,,,,840.33,Y,.43 in of rain,
7/15/2022,6.35,2022,840.15,,,,,,840.33,Y,.43 in of rain,
7/18/2022,6.97,2022,840.77,,,,,,840.33,N,,
7/23/2022,6.97,2022,840.77,,,,,,840.33,N,.90 in of rain,
7/25/2022,7.12,2022,840.92,,,,,,840.33,N,,
8/1/2022,8.60,2022,842.40,,,,,,840.33,Y,,
8/7/2022,8.60,2022,842.40,,,,,,840.33,Y,.84 in of rain,
8/8/2022,8.62,2022,842.42,,,,,,840.33,Y,,
8/15/2022,6.30,2022,840.10,,,,,,840.33,N,,
8/22/2022,5.38,2022,839.18,,,,,,840.33,N,,
8/25/2022,5.38,2022,839.18,,,,,,840.33,N,1.53 in of rain,
8/29/2022,7.13,2022,840.93,,,,,,840.33,N,.86 in of rain,
9/12/2022,7.10,2022,840.90,,,,,,840.33,N,4.36 in of rain,
9/14/2022,8.61,2022,842.41,,,,,,840.33,Y,,
9/20/2022,8.70,2022,842.50,,,,,,840.33,Y,,
9/28/2022,7.29,2022,841.09,,,,,,840.33,Y,,
10/3/2022,4.94,2022,838.74,,,,,,840.33,Y,,
10/12/2022,4.80,2022,838.60,,,,,,840.33,N,.47 in-rain,
10/17/2022,6.70,2022,840.50,,,,,,840.33,N,,
10/26/2022,4.52,2022,838.32,,,,,,840.33,N,.55 in-rain,
10/31/2022,5.56,2022,839.36,,,,,,840.33,N,,
11/5/2022,5.56,2022,839.36,,,,,,840.33,N,2.13 in-rain,
11/7/2022,7.64,2022,841.44,,,,,,840.33,N,,
11/11/2022,8.44,2022,842.24,,,,,,840.33,Y,.30 in-rain,
11/14/2022,8.55,2022,842.35,,,,,,840.33,Y,,
11/21/2022,7.60,2022,841.40,,,,,,840.33,N,,
11/28/2022,6.35,2022,840.15,,,,,,840.33,N,,
12/12/2022,6.65,2022,840.45,,,,,,840.33,N,,
12/19/2022,7.90,2022,841.70,,,,,,840.33,N,,
1/3/2023,7.38,2023,841.18,,,,,,840.33,N,,
1/9/2023,7.45,2023,841.25,,,,,,840.33,N,,
1/16/2023,6.74,2023,840.54,,,,,,840.33,N,,
1/23/2023,7.20,2023,841.00,,,,,,840.33,N,,
2/7/2023,5.10,2023,838.90,,,,,,840.33,N,,
2/14/2023,6.25,2023,840.05,,,,,,840.33,N,,
2/20/2023,7.45,2023,841.25,,,,,,840.33,N,,
2/28/2023,8.21,2023,842.01,,,,,,840.33,Y,,
3/1/2023,8.65,2023,842.45,,,,,,840.33,Y,,
3/6/2023,9.45,2023,843.25,,,,,,840.33,Y,Upham Rd and north end of Monroe Road Closed,
3/7/2023,9.98,2023,843.78,,,,,,840.33,Y,,
3/8/2023,10.12,2023,843.92,,,,,,840.33,Y,,
3/14/2023,10.25,2023,844.05,,,,,,840.33,Y,,
3/20/2023,10.03,2023,843.83,,,,,,840.33,Y,,
3/27/2023,10.04,2023,843.84,,,,,,840.33,Y,10 in of snow,
3/31/2023,10.04,2023,843.84,,,,,,840.33,Y,1 in of rain,
4/3/2023,10.45,2023,844.25,,,,,,840.33,Y,,
4/10/2023,10.45,2023,844.25,,,,,,840.33,Y,,
4/17/2023,9.70,2023,843.50,,,,,,840.33,Y,,
4/19/2023,9.65,2023,843.45,,,,,,840.33,Y,Opened Upham Road,
4/24/2023,10.20,2023,844.00,,,,,,840.33,Y,0.25 in of rain,
4/30/2023,9.48,2023,843.28,,,,,,840.33,Y,.25 in of rain,
5/1/2023,9.48,2023,843.28,,,,,,840.33,Y,.20 in of rain,
5/8/2023,9.05,2023,842.85,,,,,,840.33,Y,.52 in of rain,
5/15/2023,8.70,2023,842.50,,,,,,840.33,Y,.22 in of rain,
5/19/2023,8.70,2023,842.50,,,,,,840.33,Y,.13 in of rain,
5/22/2023,7.73,2023,841.53,,,,,,840.33,Y,,
5/24/2023,7.25,2023,841.05,,,,,,840.33,N,,
6/1/2023,4.69,2023,838.49,,,,,,840.33,N,.08 in of rain,
6/6/2023,4.46,2023,838.26,,,,,,840.33,N,,
6/11/2023,4.46,2023,838.26,,,,,,840.33,N,.20 in of rain,
6/12/2023,4.23,2023,838.03,,,,,,840.33,N,,
6/13/2023,4.23,2023,838.03,,,,,,840.33,N,.84 in of rain,
6/19/2023,4.35,2023,838.15,,,,,,840.33,N,,
6/25/2023,4.35,2023,838.15,,,,,,840.33,N,.29 in of rain,
6/26/2023,3.85,2023,837.65,,,,,,840.33,N,.11 in of rain,
7/1/2023,3.85,2023,837.65,,,,,,840.33,N,.10 in of rain,
7/3/2023,3.63,2023,837.43,,,,,,840.33,N,,
7/5/2023,3.63,2023,837.43,,,,,,840.33,N,.38 in of rain,
7/8/2023,3.63,2023,837.43,,,,,,840.33,N,.04 in of rain,
7/10/2023,3.51,2023,837.31,,,,,,840.33,N,,
7/12/2023,3.51,2023,837.31,,,,,,840.33,N,1.55 in of rain,
7/14/2023,3.51,2023,837.31,,,,,,840.33,N,.09 in of rain,
7/17/2023,3.65,2023,837.45,,,,,,840.33,N,,
7/24/2023,3.01,2023,836.81,,,,,,840.33,N,,
7/26/2023,3.01,2023,836.81,,,,,,840.33,N,.09 in of rain,
7/28/2023,3.01,2023,836.81,,,,,,840.33,N,.82 in of rain,
7/31/2023,3.47,2023,837.27,,,,,,840.33,N,,
8/3/2023,3.47,2023,837.27,,,,,,840.33,N,.10 in of rain,
8/7/2023,3.01,2023,836.81,,,,,,840.33,N,,
8/11/2023,3.01,2023,836.81,,,,,,840.33,N,.18 in of rain,
8/14/2023,2.98,2023,836.78,,,,,,840.33,N,1.91 in of rain,
8/17/2023,4.50,2023,838.30,,,,,,840.33,N,.65 in of rain,
8/21/2023,3.65,2023,837.45,,,,,,840.33,N,,
8/25/2023,3.65,2023,837.45,,,,,,840.33,N,.08 in of rain,
8/29/2023,3.65,2023,837.45,,,,,,840.33,N,.09 in of rain,
8/31/2023,3.13,2023,836.93,,,,,,840.33,N,,
9/5/2023,2.86,2023,836.66,,,,,,840.33,N,,
9/11/2023,2.93,2023,836.73,,,,,,840.33,N,.41 in of rain,
9/13/2023,2.93,2023,836.73,,,,,,840.33,N,.20 in of rain,
9/17/2023,2.93,2023,836.73,,,,,,840.33,N,.10 in of rain,
9/18/2023,3.10,2023,836.90,,,,,,840.33,N,,
9/23/2023,3.10,2023,836.90,,,,,,840.33,N,.10 in of rain,
9/25/2023,2.95,2023,836.75,,,,,,840.33,N,.19 in of rain,
9/26/2023,2.95,2023,836.75,,,,,,840.33,N,.96 in of rain,
9/27/2023,2.95,2023,836.75,,,,,,840.33,N,.37 in of rain,
9/28/2023,3.87,2023,837.67,,,,,,840.33,N,,
10/4/2023,3.15,2023,836.95,,,,,,840.33,N,,
10/14/2023,3.15,2023,836.95,,,,,,840.33,N,3.25 in of rain - Thurs/Fri/Sat,
10/16/2023,5.45,2023,839.25,,,,,,840.33,N,,
10/18/2023,5.45,2023,839.25,,,,,,840.33,N,.18 in of rain,
10/23/2023,4.10,2023,837.90,,,,,,840.33,N,.37 in of rain,
10/25/2023,4.10,2023,837.90,,,,,,840.33,N,.16 in of rain,
10/27/2023,4.10,2023,837.90,,,,,,840.33,N,.52 in of rain,
10/28/2023,4.10,2023,837.90,,,,,,840.33,N,.07 in of rain,
10/30/2023,4.98,2023,838.78,,,,,,840.33,N,,
11/6/2023,4.35,2023,838.15,,,,,,840.33,N,,
11/8/2023,4.35,2023,838.15,,,,,,840.33,N,.84 in of rain,
11/14/2023,4.97,2023,838.77,,,,,,840.33,N,,
11/20/2023,4.20,2023,838.00,,,,,,840.33,N,,
11/26/2023,4.20,2023,838.00,,,,,,840.33,N,3 in of snow,
11/27/2023,4.05,2023,837.85,,,,,,840.33,N,,
12/6/2023,4.63,2023,838.43,,,,,,840.33,N,.82 in of rain/snow melt (11/25-12/3),
12/9/2023,4.63,2023,838.43,,,,,,840.33,N,.32 in of rain,
12/12/2023,5.16,2023,838.96,,,,,,840.33,N,,
12/18/2023,5.82,2023,839.62,,,,,,840.33,N,.19 in of rain,
12/26/2023,5.82,2023,839.62,,,,,,840.33,N,.26 in of rain,
12/29/2023,5.82,2023,839.62,,,,,,840.33,N,.23 in of rain,
12/31/2023,5.82,2023,839.62,,,,,,840.33,N,.03 in of rain,
1/2/2024,5.41,2024,839.21,,,,,,840.33,N,,
1/24/2024,5.41,2024,839.21,,,,,,840.33,N,,
1/29/2024,6.60,2024,840.40,,,,,,840.33,N,,
2/5/2024,6.72,2024,840.52,,,,,,840.33,N,,
2/9/2024,7.34,2024,841.14,,,,,,840.33,N,,
2/12/2024,7.00,2024,840.80,,,,,,840.33,N,,
2/16/2024,8.10,2024,841.90,,,,,,840.33,N,,
2/19/2024,7.70,2024,841.50,,,,,,840.33,N,,
2/26/2024,6.66,2024,840.46,,,,,,840.33,N,,
3/5/2024,5.38,2024,839.18,,,,,,840.33,N,,
3/11/2024,7.40,2024,841.20,,,,,,840.33,N,.58 in of rain,
3/15/2024,7.25,2024,841.05,,,,,,840.33,N,1.06 in of rain ,
3/18/2024,7.95,2024,841.75,,,,,,840.33,N,,
3/19/2024,8.08,2024,841.88,,,,,,840.33,Y,Closed Monroe Road,
3/22/2024,8.08,2024,841.88,,,,,,840.33,Y,.41 in melted snow,
3/26/2024,7.75,2024,841.55,,,,,,840.33,Y,1.58 in of rain,
3/30/2024,7.75,2024,841.55,,,,,,840.33,Y,.4 in rain,
4/1/2024,8.10,2024,841.90,,,,,,840.33,Y,,
4/3/2024,8.10,2024,841.90,,,,,,840.33,Y,SNOWED,
4/4/2024,9.80,2024,843.60,,,,,,840.33,Y,2.08 in / Snow and rain,
4/8/2024,10.60,2024,844.40,,,,,,840.33,Y,.19 in of rain,
4/11/2024,10.50,2024,844.30,,,,,,840.33,Y,,
4/15/2024,10.30,2024,844.10,,,,,,840.33,Y,,
4/17/2024,10.30,2024,844.10,,,,,,840.33,Y,.40 in rain,
4/19/2024,9.70,2024,843.50,,,,,,840.33,Y,.05 in rain/ Opened Upham and North End of Monroe Road,
4/22/2024,9.60,2024,843.40,,,,,,840.33,Y,,
4/27/2024,9.60,2024,843.40,,,,,,840.33,Y,.33 in rain,
4/28/2024,9.60,2024,843.40,,,,,,840.33,Y,.32 in of rain,
4/29/2024,8.50,2024,842.30,,,,,,840.33,Y,.17 in of rain,
5/5/2024,8.50,2024,842.30,,,,,,840.33,Y,.08 in of rain,
5/6/2024,8.15,2024,841.95,,,,,,840.33,Y,,
5/7/2024,8.15,2024,841.95,,,,,,840.33,Y,.82 in of rain,
5/9/2024,8.15,2024,841.95,,,,,,840.33,Y,.20 in of rain,
5/11/2024,8.15,2024,841.95,,,,,,840.33,Y,.19 in of rain,
5/20/2024,6.25,2024,840.05,,,,,,840.33,N,,
5/21/2024,6.25,2024,840.05,,,,,,840.33,N,1.22 in of rain,
5/22/2024,6.25,2024,840.05,,,,,,840.33,N,1.06 in of rain ,
5/25/2024,6.25,2024,840.05,,,,,,840.33,N,1.5 in of rain,
5/26/2024,6.25,2024,840.05,,,,,,840.33,N,.47 in of rain,
5/27/2024,6.25,2024,840.05,,,,,,840.33,N,1.02 in of rain,
5/28/2024,10.01,2024,843.81,,,,,,840.33,Y,.53 in of rain,
6/1/2024,10.01,2024,843.81,,,,,,840.33,Y,.71 in-rain,
6/3/2024,10.42,2024,844.22,,,,,,840.33,Y,.23 in of rain,
6/4/2024,10.42,2024,844.22,,,,,,840.33,Y,1.0 in of rain,
6/5/2024,11.24,2024,845.04,,,,,,840.33,Y,.49 in of rain,
6/6/2024,11.90,2024,845.70,,,,,,840.33,Y,.22 in of rain,
6/8/2024,11.90,2024,845.70,,,,,,840.33,Y,.15 in of rain,
6/10/2024,11.47,2024,845.27,,,,,,840.33,Y,OPEN DAVIDSON ROAD/CLOSED WILEY POSTED MORNINGSIDE,
6/12/2024,10.90,2024,844.70,,,,,,840.33,Y,,
6/17/2024,10.15,2024,843.95,,,,,,840.33,Y,.21 in of rain,
6/19/2024,9.68,2024,843.48,,,,,,840.33,Y,OPENED UPHAM AND N END OF MONROE RD,
6/20/2024,9.68,2024,843.48,,,,,,840.33,Y,.41 in of rain,
6/21/2024,9.68,2024,843.48,,,,,,840.33,Y,1.24 in of rain,
6/22/2024,9.68,2024,843.48,,,,,,840.33,Y,2.16 in of rain,
6/23/2024,9.75,2024,843.55,,,,,,840.33,Y,.08 in of rain,
6/24/2024,10.15,2024,843.95,,,,,,840.33,Y,,
6/29/2024,10.15,2024,843.95,,,,,,840.33,Y,1.22 in of rain,
7/1/2024,10.45,2024,844.25,,,,,,840.33,Y,,
7/3/2024,10.45,2024,844.25,,,,,,840.33,Y,.87 in of rain,
7/5/2024,10.67,2024,844.47,,,,,,840.33,Y,.88 in of rain,
7/14/2024,10.67,2024,844.47,,,,,,840.33,Y,1.15 in of rain,
7/15/2024,10.54,2024,844.34,,,,,,840.33,Y,.07 in of rain,
7/16/2024,10.54,2024,844.34,,,,,,840.33,Y,.43 in of rain,
7/22/2024,10.15,2024,843.95,,,,,,840.33,Y,.37 in of rain,
7/23/2024,10.15,2024,843.95,,,,,,840.33,Y,.06 in of rain,
7/29/2024,9.22,2024,843.02,,,,,,840.33,Y,,
8/1/2024,9.22,2024,843.02,,,,,,840.33,Y,2 in of rain,
8/6/2024,9.23,2024,843.03,,,,,,840.33,Y,.56 in of rain,
8/12/2024,7.73,2024,841.53,,,,,,840.33,Y,,
8/15/2024,7.73,2024,841.53,,,,,,840.33,Y,.98 in of rain,
8/17/2024,7.73,2024,841.53,,,,,,840.33,Y,.19 in of rain,
8/18/2024,7.73,2024,841.53,,,,,,840.33,Y,.16 in of rain,
8/19/2024,5.50,2024,839.30,,,,,,840.33,N,Opened Monroe Rd,
8/27/2024,5.50,2024,839.30,,,,,,840.33,N,.31 in of rain,
8/28/2024,4.45,2024,838.25,,,,,,840.33,N,.17 in of rain,
8/29/2024,4.45,2024,838.25,,,,,,840.33,N,.42 in of rain,
9/3/2024,4.46,2024,838.26,,,,,,840.33,N,,
9/9/2024,3.95,2024,837.75,,,,,,840.33,N,,
9/16/2024,3.65,2024,837.45,,,,,,840.33,N,,
9/20/2024,3.65,2024,837.45,,,,,,840.33,N,.25 in of rain,
9/23/2024,5.55,2024,839.35,,,,,,840.33,N,1.47 in of rain,
9/30/2024,4.55,2024,838.35,,,,,,840.33,N,,
10/7/2024,3.98,2024,837.78,,,,,,840.33,N,,
10/12/2024,3.98,2024,837.78,,,,,,840.33,N,.2 in of rain,
10/13/2024,3.98,2024,837.78,,,,,,840.33,N,.1 in of rain,
10/14/2024,3.96,2024,837.76,,,,,,840.33,N,,
10/21/2024,3.72,2024,837.52,,,,,,840.33,N,,
10/25/2024,3.72,2024,837.52,,,,,,840.33,N,.2 in of rain,
10/31/2024,3.72,2024,837.52,,,,,,840.33,N,.59 in of rain,
11/4/2024,4.25,2024,838.05,,,,,,840.33,N,.25 in of rain,
11/5/2024,4.25,2024,838.05,,,,,,840.33,N,.25 in of rain,
11/6/2024,4.25,2024,838.05,,,,,,840.33,N,.12 in of rain,
11/10/2024,4.25,2024,838.05,,,,,,840.33,N,.25 in of rain,
11/11/2024,5.95,2024,839.75,,,,,,840.33,N,,
11/14/2024,5.95,2024,839.75,,,,,,840.33,N,.30 in-rain,
11/19/2024,6.20,2024,840.00,,,,,,840.33,N,1.24 in of rain,
11/25/2024,7.70,2024,841.50,,,,,,840.33,N,,
12/2/2024,7.78,2024,841.58,,,,,,840.33,N,,
12/9/2024,7.00,2024,840.80,,,,,,840.33,N,,
12/23/2024,6.33,2024,840.13,,,,,,840.33,N,,
1/3/2025,7.10,2025,840.90,,,,,,840.33,N,,
1/7/2025,6.90,2025,840.70,,,,,,840.33,N,,
1/13/2025,5.17,2025,838.97,,,,,,840.33,N,,
1/20/2025,5.18,2025,838.98,,,,,,840.33,N,,
1/27/2025,4.82,2025,838.62,,,,,,840.33,N,,
2/3/2025,4.00,2025,837.80,,,,,,840.33,N,,
2/12/2025,3.68,2025,837.48,,,,,,840.33,N,,
2/19/2025,4.05,2025,837.85,,,,,,840.33,N,,
2/24/2025,3.87,2025,837.67,,,,,,840.33,N,,
3/4/2025,5.72,2025,839.52,,,,,,840.33,N,,
3/5/2025,6.30,2025,840.10,,,,,,840.33,N,1.15 in of rain,
3/7/2025,7.80,2025,841.60,,,,,,840.33,N,,
3/10/2025,8.89,2025,842.69,,,,,,840.33,Y,,
3/17/2025,8.25,2025,842.05,,,,,,840.33,Y,,
3/24/2025,8.45,2025,842.25,,,,,,840.33,Y,,
3/31/2025,8.45,2025,842.25,,,,,,840.33,Y,,
4/7/2025,9.37,2025,843.17,,,,,,840.33,Y,,
4/14/2025,8.47,2025,842.27,,,,,,840.33,Y,,
4/18/2025,8.47,2025,842.27,,,,,,840.33,Y,.73 in of rain,
4/28/2025,8.20,2025,842.00,,,,,,840.33,Y,,
5/5/2025,7.65,2025,841.45,,,,,,840.33,Y,,
5/12/2025,6.55,2025,840.35,,,,,,840.33,N,,
5/19/2025,6.80,2025,840.60,,,,,,840.33,N,1.8 in of rain,
5/21/2025,6.95,2025,840.75,,,,,,840.33,N,.69 in of rain,
5/22/2025,7.65,2025,841.45,,,,,,840.33,N,,
5/23/2025,8.53,2025,842.33,,,,,,840.33,Y,Closed Monroe Road,
5/27/2025,9.07,2025,842.87,,,,,,840.33,Y,,
5/29/2025,9.07,2025,842.87,,,,,,840.33,Y,.22 in of rain,
6/2/2025,8.25,2025,842.05,,,,,,840.33,Y,,
6/4/2025,8.25,2025,842.05,,,,,,840.33,Y,1.12 in of rain,
6/9/2025,8.15,2025,841.95,,,,,,840.33,Y,.09 in of rain,
6/12/2025,8.15,2025,841.95,,,,,,840.33,Y,.06 in of rain,
6/16/2025,6.27,2025,840.07,,,,,,840.33,N,,
6/18/2025,6.27,2025,840.07,,,,,,840.33,N,.25 in of rain,
6/19/2025,6.27,2025,840.07,,,,,,840.33,N,.23 in of rain,
6/19/2025,6.27,2025,840.07,,,,,,840.33,N,.03 in of rain,
6/23/2025,4.11,2025,837.91,,,,,,840.33,N,,
6/26/2025,4.11,2025,837.91,,,,,,840.33,N,.18 in of rain,
6/27/2025,4.11,2025,837.91,,,,,,840.33,N,.55 in of rain,
7/2/2025,6.04,2025,839.84,,,,,,840.33,N,,
7/4/2025,6.04,2025,839.84,,,,,,840.33,N,1.16 in of rain,
7/6/2025,5.97,2025,839.77,,,,,,840.33,N,.05 in of rain,
7/7/2025,5.97,2025,839.77,,,,,,840.33,N,.15 in of rain,
7/8/2025,5.97,2025,839.77,,,,,,840.33,N,.73 in of rain,
7/11/2025,5.97,2025,839.77,,,,,,840.33,N,.08 in of rain,
7/12/2025,5.97,2025,839.77,,,,,,840.33,N,.46 in of rain,
7/14/2025,5.48,2025,839.28,,,,,,840.33,N,,
7/16/2025,5.48,2025,839.28,,,,,,840.33,N,.66 in of rain,
7/22/2025,5.20,2025,839.00,,,,,,840.33,N,,
7/22/2025,5.20,2025,839.00,,,,,,840.33,N,.35 in of rain,
7/26/2025,5.20,2025,839.00,,,,,,840.33,N,.37 in of rain,
7/28/2025,4.93,2025,838.73,,,,,,840.33,N,,
7/30/2025,4.93,2025,838.73,,,,,,840.33,N,1.17 in of rain,
8/4/2025,5.23,2025,839.03,,,,,,840.33,N,,
8/10/2025,5.23,2025,839.03,,,,,,840.33,N,3.25 in of rain,
8/11/2025,7.18,2025,840.98,,,,,,840.33,N,.72 in of rain,
8/12/2025,8.56,2025,842.36,,,,,,840.33,Y,.89 in of rain,
8/13/2025,9.67,2025,843.47,,,,,,840.33,Y,,
8/14/2025,10.02,2025,843.82,,,,,,840.33,Y,,
8/17/2025,10.02,2025,843.82,,,,,,840.33,Y,1.43 in of rain,
8/18/2025,9.69,2025,843.49,,,,,,840.33,Y,,
8/19/2025,9.77,2025,843.57,,,,,,840.33,Y,.07 in of rain,
8/25/2025,9.30,2025,843.10,,,,,,840.33,Y,,
9/3/2025,5.46,2025,839.26,,,,,,840.33,N,.41 in of rain,
9/8/2025,4.47,2025,838.27,,,,,,840.33,N,,
9/13/2025,4.47,2025,838.27,,,,,,840.33,N,.67 in of rain,
9/22/2025,4.00,2025,837.80,,,,,,840.33,N,.36 in of rain,
9/29/2025,3.93,2025,837.73,,,,,,840.33,N,,
10/6/2025,3.27,2025,837.07,,,,,,840.33,N,,
10/7/2025,3.27,2025,837.07,,,,,,840.33,N,.07 in of rain,
10/13/2025,3.07,2025,836.87,,,,,,840.33,N,.10 in of rain,
10/15/2025,3.07,2025,836.87,,,,,,840.33,N,.35 in of rain,
10/17/2025,3.07,2025,836.87,,,,,,840.33,N,.03 in of rain,
10/19/2025,3.07,2025,836.87,,,,,,840.33,N,.69 in of rain,
10/20/2025,3.67,2025,837.47,,,,,,840.33,N,,
10/27/2025,3.30,2025,837.10,,,,,,840.33,N,,
11/3/2025,3.20,2025,837.00,,,,,,840.33,N,.10 in of rain,
11/7/2025,3.20,2025,837.00,,,,,,840.33,N,.14 in of rain,
11/11/2025,3.40,2025,837.20,,,,,,840.33,N,,
11/17/2025,3.90,2025,837.70,,,,,,840.33,N,,
11/18/2025,3.90,2025,837.70,,,,,,840.33,N,.35 in of rain,
11/24/2025,4.25,2025,838.05,,,,,,840.33,N,,
12/1/2025,4.45,2025,838.25,,,,,,840.33,N,,
12/9/2025,4.63,2025,838.43,,,,,,840.33,N,,
12/16/2025,4.63,2025,838.43,,,,,,840.33,N,,
12/22/2025,4.96,2025,838.76,,,,,,840.33,N,,
12/30/2025,5.39,2025,839.19,,,,,,840.33,N,,
1/5/2026,5.59,2026,839.39,,,,,,840.33,N,,
1/26/2026,5.34,2026,839.14,,,,,,840.33,N,,
2/2/2026,4.88,2026,838.68,,,,,,840.33,N,,
2/9/2026,4.65,2026,838.45,,,,,,840.33,N,,
2/16/2026,4.75,2026,838.55,,,,,,840.33,N,,
2/23/2026,6.18,2026,839.98,,,,,,840.33,N,,
3/2/2026,4.94,2026,838.74,,,,,,840.33,N,,
3/9/2026,7.79,2026,841.59,,,,,,840.33,N,,
3/10/2026,8.16,2026,841.96,,,,,,840.33,Y,,
3/11/2026,8.57,2026,842.37,,,,,,840.33,Y,.20 in of rain,
3/12/2026,8.92,2026,842.72,,,,,,840.33,Y,,
3/13/2026,9.40,2026,843.20,,,,,,840.33,Y,,
3/17/2026,9.44,2026,843.24,,,,,,840.33,Y,,
3/19/2026,9.10,2026,842.90,,,,,,840.33,Y,,
3/23/2026,9.80,2026,843.60,,,,,,840.33,Y,,
3/27/2026,9.35,2026,843.15,,,,,,840.33,Y,.32 in of rain,
3/30/2026,9.18,2026,842.98,,,,,,840.33,Y,,
3/31/2026,9.18,2026,842.98,,,,,,840.33,Y,.18 in of rain,
4/3/2026,9.18,2026,842.98,,,,,,840.33,Y,.82 in of rain,
4/4/2026,9.18,2026,842.98,,,,,,840.33,Y,.60 in of rain,
4/6/2026,9.50,2026,843.30,,,,,,840.33,Y,.07 in of rain,
4/9/2026,9.72,2026,843.52,,,,,,840.33,Y,.20 in of rain,
,,2026,833.80,,,,,,840.33,Y,,
,,2026,833.80,,,,,,840.33,N,,
